customer_id,avg_balance,balance_volatility,total_inflows,total_withdrawals,withdrawal_frequency,transaction_frequency,merchant_activity,inflow_outflow_ratio,days_low_balance,avg_transaction_amount,liquidity_stress_30d
CUST_00001,4789.81,194.89,5644.51,8227.39,11,29,17,0.686,4,916.12,0
CUST_00002,1427.98,96.23,4756.64,14199.13,3,32,16,0.335,7,258.57,0
CUST_00003,7153.85,53.87,11466.76,8369.28,15,29,10,1.37,4,808.94,1
CUST_00004,8488.85,285.81,9911.82,44489.43,8,39,13,0.223,2,366.62,0
CUST_00005,628.96,616.51,2633.76,22366.49,11,26,14,0.118,3,487.39,1
CUST_00006,1127.82,293.94,19893.39,5108.2,8,19,10,3.894,2,127.21,0
CUST_00007,4084.92,222.15,7514.91,5062.81,8,22,11,1.484,0,198.46,0
CUST_00008,2739.09,68.94,3331.76,9889.63,7,32,18,0.337,4,196.95,1
CUST_00009,3586.31,365.67,20973.76,3254.14,8,35,12,6.443,5,823.4,0
CUST_00010,1689.62,266.43,13366.95,17878.34,10,25,8,0.748,5,251.03,0
CUST_00011,8034.16,332.99,2946.48,9021.45,9,34,17,0.327,4,498.24,1
CUST_00012,7332.07,414.52,33582.03,8250.18,10,29,6,4.07,5,304.3,0
CUST_00013,3863.88,644.71,13725.87,11895.44,9,31,9,1.154,2,249.98,0
CUST_00014,10041.85,74.31,8037.26,28692.91,7,36,12,0.28,2,114.52,0
CUST_00015,5545.59,64.64,28916.71,7671.84,5,36,12,3.769,5,84.33,0
CUST_00016,1680.15,204.08,9204.41,6026.46,6,28,15,1.527,4,253.16,0
CUST_00017,5073.95,86.66,7923.07,23918.6,12,31,13,0.331,5,263.7,0
CUST_00018,1536.11,75.45,4777.92,15099.51,12,26,9,0.316,4,173.47,0
CUST_00019,8027.31,481.1,12906.42,5050.12,10,29,13,2.555,2,355.22,0
CUST_00020,3480.97,80.86,11864.22,6663.56,10,26,17,1.78,3,1268.66,0
CUST_00021,3082.89,179.67,8198.81,7832.79,12,27,11,1.047,3,912.51,0
CUST_00022,1972.71,49.15,4307.06,9023.08,13,24,15,0.477,4,317.15,0
CUST_00023,10941.16,190.65,8990.68,2094.12,14,29,10,4.291,1,324.96,0
CUST_00024,3168.21,466.96,7663.02,1788.06,9,32,10,4.283,3,488.46,0
CUST_00025,2476.26,478.41,2788.39,3120.41,13,23,13,0.893,7,370.61,0
CUST_00026,2652.03,418.21,2496.26,2921.85,8,21,14,0.854,3,489.06,0
CUST_00027,5878.63,170.26,12735.17,3838.16,9,27,11,3.317,6,378.05,1
CUST_00028,5058.88,441.07,1010.79,11378.76,3,31,17,0.089,3,332.9,0
CUST_00029,5278.83,255.72,9550.31,5746.87,7,36,16,1.662,4,197.46,0
CUST_00030,5365.47,127.59,5527.74,7839.54,11,34,20,0.705,6,398.06,0
CUST_00031,25021.3,246.01,23077.13,2343.36,4,21,10,9.844,8,63.4,0
CUST_00032,2525.58,368.17,5460.12,4481.01,8,26,14,1.218,1,371.78,0
CUST_00033,2296.13,62.67,13733.42,10928.93,11,31,13,1.256,5,72.67,1
CUST_00034,1750.41,77.61,5898.59,11000.65,12,30,4,0.536,4,371.99,0
CUST_00035,6338.4,161.6,8875.04,3583.56,13,39,8,2.476,6,155.69,0
CUST_00036,10057.51,68.21,14610.11,7611.48,8,20,16,1.919,4,755.6,1
CUST_00037,3286.07,67.44,5596.83,43002.81,10,26,12,0.13,3,328.82,0
CUST_00038,1709.33,129.48,17984.11,6535.75,7,31,17,2.751,4,309.27,0
CUST_00039,1733.62,400.85,3659.35,3680.45,10,24,10,0.994,2,410.39,0
CUST_00040,6538.96,394.86,10256.58,5723.31,7,33,12,1.792,6,168.72,0
CUST_00041,7107.66,234.36,16951.5,7174.95,10,36,16,2.362,3,677.5,0
CUST_00042,5936.29,209.4,13739.5,5834.28,6,31,14,2.355,2,501.99,0
CUST_00043,2000.28,962.93,37539.76,6459.77,7,25,4,5.81,3,210.11,0
CUST_00044,4487.03,117.74,4399.51,1945.1,11,35,14,2.261,3,147.26,1
CUST_00045,4044.11,219.83,2688.34,2927.09,8,31,15,0.918,4,230.1,0
CUST_00046,4432.95,113.16,3657.49,5843.38,8,30,18,0.626,6,277.17,0
CUST_00047,7976.75,64.72,13743.95,5764.78,19,29,18,2.384,4,139.87,0
CUST_00048,4452.57,467.74,12068.31,4099.99,5,38,10,2.943,2,217.07,0
CUST_00049,6707.77,142.0,8793.83,5707.51,12,27,9,1.54,5,197.53,1
CUST_00050,3869.27,316.04,3299.86,6987.39,4,29,12,0.472,9,259.42,0
CUST_00051,4723.04,148.87,14965.37,14129.24,6,31,10,1.059,3,260.87,0
CUST_00052,6426.33,491.43,3041.9,6097.72,5,23,14,0.499,7,420.59,1
CUST_00053,980.99,81.63,20479.09,9313.66,9,36,14,2.199,3,305.48,1
CUST_00054,2730.65,459.96,79694.09,4186.58,7,22,14,19.031,7,396.01,1
CUST_00055,2384.31,370.69,10863.47,10788.99,9,32,12,1.007,6,355.74,0
CUST_00056,2048.8,43.13,12919.42,9130.45,6,26,10,1.415,5,260.75,0
CUST_00057,2842.31,119.88,5462.78,13848.67,3,23,16,0.394,0,482.32,0
CUST_00058,13980.9,410.21,1904.22,12166.5,15,25,8,0.157,5,43.78,1
CUST_00059,1670.29,671.73,5003.16,10942.67,11,34,8,0.457,7,232.49,1
CUST_00060,8703.24,321.31,3380.18,6101.84,9,29,6,0.554,4,200.44,0
CUST_00061,800.64,131.99,2546.3,8169.79,11,21,12,0.312,7,324.91,0
CUST_00062,2693.52,83.54,32141.01,16382.72,8,30,9,1.962,4,191.71,1
CUST_00063,4215.31,285.24,10079.81,3811.34,8,25,20,2.644,8,438.88,0
CUST_00064,6170.9,128.92,10979.11,3888.79,13,32,11,2.823,4,496.57,0
CUST_00065,6905.71,133.37,6328.27,7740.46,5,22,16,0.817,3,113.43,1
CUST_00066,7435.44,151.51,7056.49,9442.61,9,22,8,0.747,4,349.48,0
CUST_00067,2660.18,367.02,17529.5,3292.85,7,30,13,5.322,4,121.92,0
CUST_00068,2401.58,769.05,7896.15,6225.77,7,33,15,1.268,7,418.12,1
CUST_00069,7880.75,412.2,12388.89,6124.8,10,20,15,2.022,4,215.6,0
CUST_00070,3065.07,182.66,6927.1,1009.3,15,37,11,6.856,3,170.21,0
CUST_00071,1155.03,88.29,6162.75,5504.63,8,28,7,1.119,3,90.26,0
CUST_00072,1312.96,309.23,2629.29,5803.87,14,32,17,0.453,4,280.19,0
CUST_00073,1591.6,687.01,1665.37,5789.21,13,26,9,0.288,2,132.87,1
CUST_00074,5695.57,404.57,6573.16,22104.29,7,41,14,0.297,5,105.8,0
CUST_00075,4138.89,214.04,8477.72,2360.36,9,33,10,3.59,1,340.42,0
CUST_00076,6778.0,122.58,2896.03,3291.41,10,32,8,0.88,3,589.03,1
CUST_00077,2478.66,238.92,7882.66,720.28,12,29,8,10.929,4,393.91,0
CUST_00078,4199.35,456.53,8459.13,4408.2,10,35,17,1.919,6,109.76,0
CUST_00079,6393.46,218.29,1444.03,4739.58,6,23,13,0.305,1,271.58,0
CUST_00080,2756.14,166.88,3896.76,4300.64,9,23,17,0.906,6,481.25,0
CUST_00081,5492.27,104.61,11224.02,17009.47,6,38,15,0.66,7,271.65,0
CUST_00082,2006.74,1438.77,11044.05,13787.6,11,21,19,0.801,10,375.35,0
CUST_00083,2626.09,88.88,3219.75,7088.14,5,20,6,0.454,4,220.06,0
CUST_00084,2582.3,82.54,9198.16,4841.5,8,25,6,1.899,6,228.31,0
CUST_00085,1241.09,206.7,18359.93,15871.2,18,30,6,1.157,5,188.34,0
CUST_00086,5643.59,154.23,15088.05,6523.76,9,30,11,2.312,4,458.71,0
CUST_00087,2386.39,411.02,7508.35,3309.23,12,39,14,2.268,6,479.41,0
CUST_00088,3682.12,422.29,5572.61,1542.54,14,36,10,3.61,4,202.63,0
CUST_00089,5612.05,68.62,4897.72,4559.11,8,24,10,1.074,2,506.95,0
CUST_00090,5441.87,99.04,11781.15,12599.94,11,32,18,0.935,2,110.07,0
CUST_00091,6626.6,89.99,9471.88,45938.46,12,33,10,0.206,2,265.13,1
CUST_00092,3332.12,339.55,13406.88,6990.93,2,18,17,1.917,1,115.87,0
CUST_00093,2487.5,255.36,9004.67,3461.47,16,15,9,2.601,6,135.33,0
CUST_00094,3388.88,134.67,15599.77,2423.04,3,31,8,6.435,3,114.9,0
CUST_00095,797.43,215.53,8740.07,10605.86,4,39,9,0.824,4,188.86,0
CUST_00096,989.89,73.63,15180.26,1480.41,6,33,12,10.247,3,461.2,0
CUST_00097,1107.18,100.08,16263.17,10591.35,12,36,13,1.535,3,282.92,0
CUST_00098,1483.97,64.07,4257.25,13293.82,6,31,15,0.32,5,198.59,1
CUST_00099,5217.62,203.65,1907.38,9612.67,11,31,8,0.198,2,264.69,1
CUST_00100,1611.74,203.03,27855.74,5504.31,8,34,13,5.06,2,70.85,0
CUST_00101,2590.62,82.48,9949.99,10723.57,6,27,16,0.928,7,445.98,0
CUST_00102,11722.97,253.91,2055.78,7671.73,10,28,16,0.268,4,61.97,0
CUST_00103,2642.19,422.29,4577.67,3424.1,12,27,11,1.337,6,182.17,0
CUST_00104,7071.05,79.49,15025.43,31979.5,12,27,9,0.47,2,282.81,0
CUST_00105,1571.43,139.62,6478.59,4920.04,5,21,12,1.317,2,408.25,0
CUST_00106,3026.33,273.39,5379.5,12828.05,5,22,10,0.419,6,353.29,1
CUST_00107,1548.4,180.35,24852.3,849.1,13,28,11,29.235,3,288.69,0
CUST_00108,2683.48,60.48,3505.79,19633.65,8,34,10,0.179,5,829.02,0
CUST_00109,7756.43,127.4,4279.01,23119.9,10,25,8,0.185,9,1224.64,0
CUST_00110,769.25,124.07,9596.07,6804.63,10,26,9,1.41,4,300.35,1
CUST_00111,5382.89,158.17,11074.1,10667.48,15,30,16,1.038,3,278.65,1
CUST_00112,4509.59,163.65,12053.07,10665.16,8,24,15,1.13,2,267.25,1
CUST_00113,2132.96,634.48,16797.59,3841.56,6,30,9,4.371,4,194.88,0
CUST_00114,990.83,153.42,9498.25,10562.38,9,34,20,0.899,4,388.81,0
CUST_00115,3885.15,45.86,11986.15,3336.45,8,33,8,3.591,6,727.84,0
CUST_00116,2260.76,194.98,6585.55,3954.29,10,37,7,1.665,6,52.29,0
CUST_00117,4489.1,733.77,8519.89,17290.31,8,27,11,0.493,4,265.4,0
CUST_00118,3713.27,158.59,8831.03,15191.01,10,39,9,0.581,2,847.27,0
CUST_00119,15391.97,127.68,9624.61,3639.42,6,30,16,2.644,2,393.55,0
CUST_00120,2935.34,142.01,15033.43,3556.24,7,30,12,4.226,8,399.28,0
CUST_00121,1449.32,289.26,12633.62,3832.39,14,37,4,3.296,4,97.45,0
CUST_00122,4278.46,141.53,8394.85,12366.46,12,28,15,0.679,1,488.57,0
CUST_00123,4438.17,53.92,4241.61,2835.61,6,40,14,1.495,4,605.7,0
CUST_00124,12372.96,105.91,8553.85,8984.05,8,25,18,0.952,5,343.76,0
CUST_00125,7720.24,172.13,7923.48,12516.71,10,29,7,0.633,5,188.88,1
CUST_00126,5019.99,278.24,9457.33,6154.82,10,34,9,1.536,3,407.47,0
CUST_00127,13588.41,113.73,47345.18,15655.13,13,30,10,3.024,2,144.53,0
CUST_00128,1249.02,143.03,5329.34,5122.18,8,29,13,1.04,6,131.74,0
CUST_00129,2047.19,187.91,11359.74,5531.55,7,33,14,2.053,4,524.0,0
CUST_00130,1581.43,97.33,19049.0,2890.95,11,26,11,6.587,4,643.59,1
CUST_00131,2563.61,168.44,8763.95,15750.08,11,38,13,0.556,3,177.71,0
CUST_00132,1054.67,263.43,52589.73,3458.04,7,36,10,15.204,3,132.19,0
CUST_00133,6448.71,70.16,5988.33,8931.2,9,26,11,0.67,0,161.66,0
CUST_00134,2980.96,231.64,10501.48,6244.03,11,25,12,1.682,5,343.21,1
CUST_00135,969.01,75.77,4276.78,2711.17,10,36,15,1.577,0,132.3,0
CUST_00136,1459.69,77.0,6116.71,3953.13,7,33,16,1.547,12,734.13,0
CUST_00137,4827.88,106.67,9888.69,21492.12,4,34,19,0.46,7,215.85,0
CUST_00138,7741.21,540.41,15947.28,7874.69,12,29,10,2.025,1,386.22,0
CUST_00139,21961.75,45.96,10459.6,2813.61,8,21,13,3.716,7,177.64,1
CUST_00140,50135.08,125.07,22187.67,8600.1,8,27,6,2.58,2,449.81,0
CUST_00141,5286.8,177.48,7510.28,5859.4,8,35,9,1.282,2,476.33,0
CUST_00142,1494.3,461.16,6212.17,124983.8,7,23,5,0.05,1,92.35,1
CUST_00143,534.41,861.22,70487.32,8453.66,9,34,10,8.337,6,185.72,0
CUST_00144,4632.91,129.33,11107.66,4800.47,8,19,9,2.313,4,267.83,1
CUST_00145,1751.72,279.08,4556.98,22181.72,11,27,14,0.205,3,206.93,1
CUST_00146,2505.34,168.07,4649.84,1387.31,5,21,13,3.349,4,550.1,0
CUST_00147,2098.78,167.21,3811.8,7188.03,10,38,12,0.53,5,196.76,1
CUST_00148,3207.63,225.57,17141.46,36143.93,10,33,13,0.474,6,492.94,1
CUST_00149,9503.18,50.99,6054.14,6010.3,6,34,10,1.007,4,419.58,0
CUST_00150,4193.72,174.46,8972.23,1520.35,9,28,10,5.898,3,277.12,0
CUST_00151,3156.53,259.98,7701.67,4738.47,13,22,20,1.625,1,507.47,1
CUST_00152,1433.55,91.12,14547.78,22841.64,5,30,9,0.637,0,101.84,0
CUST_00153,806.57,261.37,4115.87,9133.09,8,26,20,0.451,9,286.24,0
CUST_00154,2350.36,45.48,3427.35,3251.83,5,26,13,1.054,6,173.82,1
CUST_00155,3468.91,195.36,9695.7,3705.39,12,24,12,2.616,5,277.32,0
CUST_00156,17874.62,530.46,13105.24,4122.66,4,34,11,3.178,4,215.17,0
CUST_00157,4093.87,152.19,10572.65,9018.36,13,30,21,1.172,6,311.68,1
CUST_00158,8817.25,82.89,4240.5,20691.26,10,32,12,0.205,3,300.86,0
CUST_00159,2323.04,57.97,13932.62,16229.07,5,28,10,0.858,3,329.35,0
CUST_00160,1253.32,247.75,4468.96,9775.26,5,25,10,0.457,7,338.62,0
CUST_00161,1527.51,380.85,5338.87,2139.02,14,32,10,2.495,3,446.46,0
CUST_00162,1895.61,173.32,3807.92,2145.78,16,23,12,1.774,6,123.83,0
CUST_00163,24726.3,125.09,22946.64,10438.58,11,29,17,2.198,3,426.9,0
CUST_00164,1738.45,38.68,13450.04,2114.03,8,36,13,6.359,6,103.66,1
CUST_00165,7743.74,200.18,13147.6,5476.75,4,36,20,2.4,4,42.26,0
CUST_00166,1615.44,104.44,21977.38,8591.49,10,21,14,2.558,5,1188.83,0
CUST_00167,8420.43,109.35,76889.1,2522.6,8,29,10,30.468,6,154.91,0
CUST_00168,5148.48,660.59,2064.45,2777.7,11,27,13,0.743,4,218.41,1
CUST_00169,3162.21,42.89,4488.61,6124.16,12,38,14,0.733,3,81.08,0
CUST_00170,3509.8,47.74,4949.59,10179.21,13,32,8,0.486,4,217.43,1
CUST_00171,2019.67,218.12,4102.47,16355.03,5,42,9,0.251,0,345.42,0
CUST_00172,5439.62,133.19,3421.84,11114.38,9,34,12,0.308,2,354.23,1
CUST_00173,2417.56,119.7,6375.88,7062.88,10,35,14,0.903,2,128.41,1
CUST_00174,1208.28,225.46,3061.67,3518.3,8,29,9,0.87,5,219.08,0
CUST_00175,1152.69,222.46,10593.9,2669.72,6,32,15,3.967,2,386.89,0
CUST_00176,4252.78,83.19,8445.24,4297.35,10,35,7,1.965,3,353.18,0
CUST_00177,15080.87,112.92,11906.3,9399.81,11,25,16,1.267,3,326.94,0
CUST_00178,4204.84,188.6,12163.35,8831.94,9,33,11,1.377,1,508.92,0
CUST_00179,3272.23,207.2,13126.72,1113.3,8,29,14,11.78,4,276.91,0
CUST_00180,4709.06,266.83,6010.56,3402.19,7,23,11,1.766,8,792.01,0
CUST_00181,11794.65,113.69,44219.22,18468.68,11,36,12,2.394,12,243.42,0
CUST_00182,4435.72,239.28,9774.62,7096.33,13,42,9,1.377,5,485.98,0
CUST_00183,2515.35,387.72,1826.24,1989.31,10,24,12,0.918,8,498.24,1
CUST_00184,9854.27,188.2,3634.04,49140.95,7,34,13,0.074,6,94.88,0
CUST_00185,5355.51,166.96,2013.44,6473.03,12,40,15,0.311,4,406.93,0
CUST_00186,14504.01,150.14,8216.24,9197.47,10,35,15,0.893,5,190.93,0
CUST_00187,4293.73,110.62,7350.74,9317.0,9,34,14,0.789,1,147.5,0
CUST_00188,1209.52,85.59,5570.61,4853.93,10,31,12,1.147,2,222.05,0
CUST_00189,1062.79,142.81,40487.19,3574.43,8,26,15,11.324,7,334.68,0
CUST_00190,16088.1,259.99,12571.48,40272.48,6,33,12,0.312,4,99.94,0
CUST_00191,17176.53,89.0,14485.14,15564.14,4,26,9,0.931,7,304.54,0
CUST_00192,3097.75,170.66,3847.36,13341.66,9,20,14,0.288,4,256.65,0
CUST_00193,2578.93,155.53,3643.44,10827.51,6,44,19,0.336,6,618.15,0
CUST_00194,13565.7,751.63,8345.22,2827.59,10,34,12,2.95,5,191.81,1
CUST_00195,1344.34,323.18,9305.92,19651.34,14,27,14,0.474,5,687.37,1
CUST_00196,1627.41,319.02,1835.28,3240.03,14,17,12,0.566,5,391.8,0
CUST_00197,6496.34,378.43,7014.64,8440.47,4,29,9,0.831,6,291.94,0
CUST_00198,2552.57,117.15,8194.82,1646.68,7,40,9,4.974,3,728.92,0
CUST_00199,3624.21,545.34,6821.81,1170.6,9,37,8,5.823,2,1148.0,0
CUST_00200,3142.9,205.89,4227.17,8695.38,12,31,16,0.486,3,257.91,0
CUST_00201,4933.56,174.91,5262.55,3335.13,7,30,15,1.577,4,178.03,0
CUST_00202,12922.61,68.59,7034.01,1223.18,7,26,10,5.746,9,403.55,0
CUST_00203,3950.22,131.46,8713.6,10504.07,14,24,12,0.829,3,110.37,0
CUST_00204,6499.92,44.13,13145.48,40217.95,11,30,15,0.327,5,120.21,1
CUST_00205,575.27,148.63,19238.81,21614.64,8,26,9,0.89,2,746.06,1
CUST_00206,3484.76,114.32,6403.0,5330.92,10,37,12,1.201,2,445.99,1
CUST_00207,1704.61,131.8,5625.56,6684.31,10,28,13,0.841,4,163.9,1
CUST_00208,1215.69,59.81,11500.26,14108.75,10,36,10,0.815,0,2682.58,0
CUST_00209,1651.87,318.26,13209.29,17219.69,10,31,16,0.767,8,113.58,0
CUST_00210,2695.36,291.2,5725.24,4954.22,17,31,12,1.155,5,461.19,0
CUST_00211,8302.5,700.52,15249.69,6829.8,9,27,11,2.232,2,171.13,0
CUST_00212,1103.5,684.83,17741.61,8565.71,6,31,11,2.071,3,1039.76,0
CUST_00213,3742.72,205.4,22773.42,10623.19,8,34,14,2.144,2,206.1,0
CUST_00214,2354.89,411.05,33612.62,5924.7,7,31,19,5.672,3,244.88,0
CUST_00215,2711.06,223.42,4051.6,5990.48,7,21,12,0.676,5,84.26,1
CUST_00216,8977.55,128.78,8193.68,21436.65,7,33,12,0.382,3,1284.15,0
CUST_00217,5909.43,145.11,8176.52,18547.54,11,25,12,0.441,7,193.92,0
CUST_00218,12132.68,302.21,7491.63,9954.69,11,33,10,0.752,3,418.27,1
CUST_00219,3168.28,4771.13,4820.29,28602.31,10,41,9,0.169,3,299.86,0
CUST_00220,1946.23,461.05,2468.96,4776.78,9,36,17,0.517,5,203.16,1
CUST_00221,2976.57,220.77,8726.71,26358.01,11,24,8,0.331,4,62.84,0
CUST_00222,4528.96,266.94,4382.24,10521.1,8,23,11,0.416,3,254.73,0
CUST_00223,4268.07,265.04,8680.16,106977.33,12,24,13,0.081,5,247.11,1
CUST_00224,1372.04,168.64,4293.1,2407.61,7,41,19,1.782,4,373.58,0
CUST_00225,3949.88,332.01,3361.94,3692.49,13,26,19,0.91,2,1341.88,0
CUST_00226,4471.17,160.07,9773.59,9470.89,6,26,16,1.032,3,469.25,0
CUST_00227,35091.94,80.7,9142.94,9298.88,12,27,13,0.983,0,545.61,0
CUST_00228,19715.49,266.49,12879.93,34808.54,11,34,26,0.37,5,241.38,0
CUST_00229,1689.32,296.57,46569.03,3758.9,9,23,7,12.386,5,119.19,0
CUST_00230,2811.17,161.31,10115.58,14316.68,11,34,6,0.707,6,245.8,0
CUST_00231,975.45,232.27,11944.97,17820.3,5,32,14,0.67,6,178.73,0
CUST_00232,2139.58,391.0,3421.9,12075.7,10,32,15,0.283,1,288.57,0
CUST_00233,4836.97,173.91,2894.23,2931.16,13,21,10,0.987,7,211.47,1
CUST_00234,10778.06,126.77,28746.28,21951.59,10,28,6,1.309,2,92.35,1
CUST_00235,1889.04,102.78,3870.8,18862.41,9,28,13,0.205,6,725.52,0
CUST_00236,2020.84,147.96,3515.18,11044.05,5,39,12,0.318,1,270.82,0
CUST_00237,527.13,618.88,7853.55,7892.72,10,25,9,0.995,3,237.22,0
CUST_00238,3145.1,154.67,7539.01,8040.06,7,23,10,0.938,4,137.92,0
CUST_00239,1399.44,241.67,3936.29,6204.78,7,26,15,0.634,4,214.27,1
CUST_00240,2260.87,139.83,6348.8,11437.67,10,28,11,0.555,6,163.32,0
CUST_00241,1653.79,130.56,21666.02,6812.16,9,26,9,3.18,1,129.57,0
CUST_00242,3344.81,89.71,4252.26,3225.21,7,29,14,1.318,1,334.92,0
CUST_00243,748.48,196.41,2657.29,2720.84,9,26,11,0.976,3,215.26,0
CUST_00244,972.3,119.86,17224.27,3500.88,9,40,13,4.919,1,504.73,0
CUST_00245,24743.61,502.17,12014.12,8012.94,9,25,9,1.499,2,232.23,0
CUST_00246,1142.89,166.33,4932.42,6483.97,9,33,14,0.761,4,323.87,1
CUST_00247,1356.81,174.93,2285.33,7966.83,10,36,10,0.287,4,317.48,0
CUST_00248,19019.54,156.94,4466.24,10154.69,16,26,10,0.44,6,391.26,0
CUST_00249,49739.79,243.92,7756.11,3892.38,9,26,15,1.992,5,165.87,0
CUST_00250,1268.5,597.48,20589.52,23058.99,11,31,13,0.893,5,560.81,1
CUST_00251,2613.84,78.9,3535.94,5284.04,11,29,12,0.669,7,130.84,0
CUST_00252,4951.27,226.39,7573.3,4589.78,7,30,16,1.65,2,307.88,0
CUST_00253,17254.49,51.68,13906.56,9996.88,7,28,11,1.391,2,128.58,0
CUST_00254,1497.91,482.3,1205.91,1392.65,17,36,15,0.865,2,274.65,1
CUST_00255,2919.74,166.25,18527.82,3388.17,6,28,16,5.467,4,557.57,0
CUST_00256,7329.07,54.82,3146.48,15274.07,9,25,16,0.206,3,440.91,0
CUST_00257,5384.55,65.33,10568.11,1515.03,12,26,19,6.971,0,627.03,0
CUST_00258,2595.31,347.62,9870.9,17153.17,6,33,10,0.575,6,241.71,0
CUST_00259,3227.81,47.86,19296.31,23967.79,12,32,11,0.805,1,564.67,1
CUST_00260,1056.37,226.47,12591.02,4846.26,11,24,12,2.598,5,184.09,0
CUST_00261,2938.47,128.66,1209.75,8501.87,7,26,8,0.142,4,216.82,0
CUST_00262,2864.79,155.12,4325.04,17175.24,6,33,13,0.252,7,327.35,0
CUST_00263,4487.06,105.73,9050.4,4461.45,14,38,18,2.028,0,541.86,0
CUST_00264,2208.8,84.58,6932.78,13871.74,10,29,15,0.5,5,203.74,0
CUST_00265,5565.74,122.74,11873.79,3750.05,12,25,10,3.165,5,486.19,0
CUST_00266,9058.37,286.45,15237.17,4420.63,6,41,9,3.446,2,351.37,0
CUST_00267,4187.61,143.44,13184.03,3362.92,8,24,9,3.919,3,378.35,0
CUST_00268,4996.94,253.91,6826.59,8877.28,10,35,16,0.769,4,164.31,0
CUST_00269,3819.37,149.34,1849.98,17752.36,9,17,12,0.104,5,228.31,0
CUST_00270,3641.23,295.6,5628.59,5673.17,8,34,10,0.992,10,279.91,0
CUST_00271,1901.88,252.64,11306.06,2251.69,8,38,14,5.019,5,378.51,1
CUST_00272,4840.85,117.62,3386.8,2643.08,7,32,12,1.281,8,169.83,1
CUST_00273,3335.71,84.53,13426.96,9278.08,6,40,14,1.447,3,120.98,0
CUST_00274,23953.06,389.37,16759.4,31808.82,8,34,15,0.527,1,67.16,1
CUST_00275,15003.21,94.57,8968.68,9271.18,9,21,14,0.967,4,503.74,0
CUST_00276,5152.63,270.6,698.53,4774.95,10,35,14,0.146,2,578.75,0
CUST_00277,1832.16,185.84,2914.72,12724.14,8,36,8,0.229,5,73.2,0
CUST_00278,1337.86,125.15,36642.03,5412.28,12,31,18,6.769,4,315.13,1
CUST_00279,10636.31,255.59,5233.16,4810.03,6,28,10,1.088,2,229.52,0
CUST_00280,4612.26,541.48,1656.87,2937.49,6,32,16,0.564,5,700.59,0
CUST_00281,5609.01,298.99,21768.04,21964.47,7,31,15,0.991,2,257.96,0
CUST_00282,757.39,201.03,8190.13,766.38,3,21,10,10.673,8,437.84,0
CUST_00283,8389.15,663.27,19613.09,13071.38,6,21,15,1.5,4,221.92,0
CUST_00284,5480.65,47.49,10112.9,4473.01,3,34,15,2.26,2,184.76,0
CUST_00285,1340.25,74.46,11694.19,4680.73,11,31,15,2.498,6,511.36,0
CUST_00286,2381.84,125.02,10833.6,27958.26,9,29,10,0.387,4,635.78,1
CUST_00287,4616.28,564.23,14157.37,3615.51,7,31,9,3.915,6,122.95,0
CUST_00288,3817.0,385.4,50108.42,3721.72,12,35,14,13.46,4,664.95,1
CUST_00289,2799.08,45.92,17620.27,5938.22,6,30,13,2.967,2,151.06,0
CUST_00290,3317.15,127.86,2288.68,9431.12,10,30,8,0.243,4,58.41,0
CUST_00291,2902.19,62.86,11583.41,4557.01,11,21,11,2.541,2,301.14,0
CUST_00292,4176.82,175.5,20194.88,1741.01,14,29,9,11.593,7,426.25,0
CUST_00293,13688.93,372.96,21208.57,3178.47,6,22,11,6.67,4,103.44,0
CUST_00294,361.41,395.65,5760.13,19714.97,17,36,14,0.292,5,74.59,0
CUST_00295,2941.97,224.62,20577.54,7069.61,12,34,18,2.91,5,211.38,0
CUST_00296,4267.83,129.02,17020.84,9734.43,8,32,13,1.748,6,192.48,0
CUST_00297,4752.35,167.95,63450.41,5312.36,11,28,15,11.942,3,779.56,0
CUST_00298,2605.23,313.13,4447.06,3787.37,9,28,16,1.174,4,301.41,0
CUST_00299,749.16,1185.41,5399.6,27610.02,7,30,15,0.196,4,499.79,1
CUST_00300,4891.21,70.24,6342.99,5653.54,7,34,14,1.122,2,346.12,1
CUST_00301,17233.58,646.18,5474.31,4551.15,9,38,9,1.203,3,896.13,1
CUST_00302,915.55,220.36,3975.81,16843.52,6,26,9,0.236,2,160.1,0
CUST_00303,7922.37,349.39,888.79,3590.31,9,27,9,0.247,5,281.02,1
CUST_00304,2708.98,210.22,5722.95,4001.73,10,28,5,1.43,2,99.65,0
CUST_00305,3445.44,557.44,10888.76,6692.28,9,39,12,1.627,4,527.41,0
CUST_00306,1411.48,235.98,5461.19,6635.77,7,23,14,0.823,4,651.85,0
CUST_00307,2694.56,107.88,38112.78,8272.31,12,35,17,4.607,4,550.56,1
CUST_00308,11731.59,259.85,8190.26,39258.32,5,30,8,0.209,3,273.89,1
CUST_00309,6151.12,446.49,22761.44,8829.12,8,30,5,2.578,4,105.36,0
CUST_00310,17310.71,181.3,9987.97,878.89,9,35,14,11.351,4,281.33,0
CUST_00311,10505.67,34.49,15695.45,8754.77,9,34,14,1.793,3,185.97,0
CUST_00312,5405.53,165.35,10131.38,6851.33,8,31,11,1.479,3,570.13,0
CUST_00313,17492.74,196.06,24222.27,6883.84,11,29,13,3.518,6,221.69,0
CUST_00314,5405.08,174.87,8473.95,8176.79,6,30,15,1.036,6,218.41,0
CUST_00315,7670.9,121.95,12050.92,6474.48,11,36,7,1.861,3,1368.93,0
CUST_00316,2788.02,522.39,10862.44,6344.09,5,32,14,1.712,2,522.97,0
CUST_00317,3865.67,27.16,6434.13,11171.12,11,24,10,0.576,1,634.7,0
CUST_00318,1943.64,195.43,11203.55,4184.87,10,24,14,2.677,3,208.83,0
CUST_00319,8871.73,197.63,48412.29,2964.51,10,32,7,16.325,5,138.34,0
CUST_00320,1260.83,968.63,6526.87,86700.44,6,23,15,0.075,4,630.65,0
CUST_00321,7362.21,179.19,11334.11,3610.21,13,30,21,3.139,10,849.35,0
CUST_00322,3066.87,258.92,22163.97,7223.69,12,27,11,3.068,1,121.44,0
CUST_00323,10447.55,200.34,20175.06,1860.66,8,31,15,10.837,8,208.05,0
CUST_00324,7156.54,195.5,8179.39,7324.63,6,35,8,1.117,2,157.59,0
CUST_00325,18743.11,742.76,1203.86,3001.17,8,24,6,0.401,6,418.63,0
CUST_00326,7028.28,74.49,12250.99,4554.62,10,30,11,2.689,4,639.34,0
CUST_00327,884.62,106.3,1372.54,16127.88,13,33,14,0.085,1,230.95,0
CUST_00328,3428.03,331.4,26263.88,9909.09,13,37,12,2.65,9,230.48,0
CUST_00329,1268.0,222.62,9279.65,10755.24,6,26,7,0.863,7,75.97,1
CUST_00330,2283.69,144.52,18029.04,1472.15,10,28,13,12.238,3,153.24,0
CUST_00331,14187.34,171.32,3937.54,31614.18,8,28,12,0.125,3,858.44,1
CUST_00332,6462.56,376.58,2340.21,2408.84,11,32,9,0.971,7,421.94,0
CUST_00333,1941.01,267.22,9982.65,24325.41,7,41,24,0.41,5,571.58,0
CUST_00334,1462.14,102.48,7888.15,15808.65,9,35,13,0.499,6,231.46,0
CUST_00335,3749.97,219.25,5468.54,10837.12,13,24,14,0.505,5,246.87,1
CUST_00336,1218.16,174.19,8670.91,3207.55,8,30,12,2.702,7,302.79,0
CUST_00337,1990.17,264.1,74157.66,7546.59,8,24,12,9.825,5,375.02,0
CUST_00338,4821.35,140.21,15797.71,4445.81,6,27,15,3.553,4,783.08,0
CUST_00339,10298.78,68.95,18762.19,6800.04,10,30,13,2.759,3,186.62,0
CUST_00340,6297.36,310.41,15917.1,5364.77,11,32,9,2.966,6,271.33,0
CUST_00341,463.05,281.15,26464.77,1172.84,8,30,22,22.546,5,171.52,0
CUST_00342,4788.3,562.41,6960.06,17214.66,12,35,16,0.404,2,75.36,0
CUST_00343,3884.81,63.25,1565.86,6192.28,11,35,16,0.253,8,569.12,0
CUST_00344,5284.33,171.35,6968.33,4393.67,11,47,13,1.586,5,1015.58,0
CUST_00345,15593.18,150.76,15512.3,4120.47,11,26,10,3.764,3,510.72,0
CUST_00346,568.55,132.03,3729.99,8997.4,6,25,10,0.415,4,351.15,0
CUST_00347,2138.81,52.84,7036.79,3103.57,8,34,16,2.267,4,1093.79,0
CUST_00348,6196.97,77.24,4659.13,975.65,8,29,10,4.771,6,412.08,1
CUST_00349,877.05,225.07,26946.9,9377.42,9,36,7,2.873,6,524.23,0
CUST_00350,13743.95,121.53,14758.37,10313.79,8,30,17,1.431,7,329.86,0
CUST_00351,5072.15,93.59,13646.42,5598.83,6,25,8,2.437,2,367.08,0
CUST_00352,7800.36,569.25,13323.45,2500.59,8,33,14,5.326,5,272.31,1
CUST_00353,2177.97,1210.73,7865.18,7155.2,8,29,5,1.099,3,535.29,0
CUST_00354,7573.32,173.27,9490.49,1910.55,11,27,13,4.965,3,139.23,0
CUST_00355,9524.52,54.5,3139.61,2770.7,14,33,12,1.133,3,400.81,0
CUST_00356,4489.92,248.92,1409.3,3504.86,8,26,14,0.402,0,164.49,0
CUST_00357,4496.08,34.18,9136.79,13593.52,8,31,12,0.672,3,427.05,0
CUST_00358,4643.9,61.55,10500.65,4874.54,16,25,16,2.154,9,1597.01,1
CUST_00359,1674.03,252.38,21320.23,4533.79,10,38,11,4.701,3,487.8,0
CUST_00360,3188.24,59.92,28483.17,34943.53,7,23,14,0.815,3,679.76,0
CUST_00361,3173.94,143.05,28452.71,8951.65,12,30,14,3.178,3,562.13,0
CUST_00362,5141.27,55.32,3646.71,8849.76,11,34,10,0.412,2,58.67,0
CUST_00363,8953.88,189.62,6113.09,4845.25,10,40,18,1.261,7,272.55,0
CUST_00364,1404.33,445.23,11899.69,3996.14,7,31,22,2.977,4,408.92,0
CUST_00365,3253.52,111.02,61422.02,1034.38,8,30,21,59.323,6,69.25,0
CUST_00366,13812.23,178.48,26478.26,15114.8,5,34,13,1.752,5,245.01,0
CUST_00367,1864.54,94.38,19841.24,9711.47,18,35,8,2.043,1,282.74,0
CUST_00368,1737.1,99.82,5941.81,5697.08,5,28,8,1.043,3,126.2,0
CUST_00369,4368.07,93.21,3997.56,5903.83,10,31,16,0.677,3,151.6,0
CUST_00370,7784.94,339.93,15231.58,12403.36,10,29,14,1.228,4,762.15,1
CUST_00371,3678.59,58.51,3359.24,1769.58,7,27,10,1.897,4,24.37,0
CUST_00372,12040.9,139.01,6695.9,4018.25,11,23,15,1.666,2,361.42,0
CUST_00373,7872.37,251.6,7392.18,2525.37,12,26,10,2.926,5,674.86,0
CUST_00374,7766.99,375.34,28979.09,29905.06,6,23,11,0.969,4,293.24,0
CUST_00375,5995.14,257.88,6101.21,13964.97,8,19,14,0.437,3,801.14,0
CUST_00376,29581.01,171.04,1151.25,1020.16,8,29,20,1.127,4,221.59,0
CUST_00377,3027.08,115.0,12131.44,1832.25,7,32,13,6.617,6,158.61,0
CUST_00378,599.94,380.03,4632.18,5928.38,8,26,12,0.781,5,296.9,1
CUST_00379,15426.3,90.58,8384.2,4440.07,10,29,9,1.888,2,228.81,0
CUST_00380,2411.66,91.67,7560.07,2152.26,10,31,15,3.511,0,200.28,0
CUST_00381,4012.19,534.86,6509.62,34649.82,10,29,13,0.188,4,263.4,0
CUST_00382,11832.39,241.82,15249.05,8652.98,10,25,17,1.762,4,171.68,0
CUST_00383,860.89,248.76,2377.27,9932.76,9,27,18,0.239,3,166.25,0
CUST_00384,1180.29,292.61,5358.23,3684.12,11,35,12,1.454,4,136.27,0
CUST_00385,861.65,168.03,14005.85,12257.99,11,24,10,1.142,4,400.04,0
CUST_00386,1781.62,57.39,4957.87,4801.25,13,35,14,1.032,1,148.52,1
CUST_00387,5408.21,221.61,2237.14,5214.29,11,31,17,0.429,9,125.28,0
CUST_00388,5835.81,178.65,13833.44,11151.75,4,35,10,1.24,6,140.95,0
CUST_00389,4668.75,91.17,19900.01,1661.29,8,23,10,11.971,4,345.14,0
CUST_00390,1020.97,75.85,7816.59,25783.08,7,36,12,0.303,4,477.5,0
CUST_00391,455.28,174.65,1688.04,7746.77,11,32,9,0.218,2,505.59,1
CUST_00392,3823.49,61.18,14253.76,19708.45,5,23,11,0.723,4,347.24,0
CUST_00393,2381.3,161.62,2147.56,2659.5,6,30,21,0.807,5,434.8,0
CUST_00394,5505.19,146.76,10373.81,3026.95,11,27,10,3.426,7,287.62,1
CUST_00395,6848.32,164.79,3983.95,2471.02,4,32,11,1.612,6,411.13,0
CUST_00396,4123.33,250.17,3203.91,8207.08,16,24,16,0.39,3,406.73,1
CUST_00397,7216.46,298.14,5690.04,7016.96,8,29,15,0.811,3,179.33,0
CUST_00398,4475.13,102.6,6997.88,4470.48,9,25,8,1.565,5,140.76,1
CUST_00399,5866.76,363.52,4839.82,2801.87,10,33,15,1.727,2,770.09,0
CUST_00400,1931.0,152.09,12977.37,2260.62,10,30,11,5.738,7,326.28,0
CUST_00401,3097.5,737.04,5671.13,6366.4,3,31,15,0.891,3,624.06,0
CUST_00402,4346.38,113.48,17750.21,4466.01,5,35,10,3.974,3,138.38,1
CUST_00403,7619.57,49.95,10147.05,3704.24,9,22,12,2.739,2,225.0,1
CUST_00404,2554.55,353.16,4637.61,24711.55,8,32,14,0.188,3,114.02,0
CUST_00405,5819.97,254.8,4053.14,6185.87,2,27,10,0.655,4,469.86,0
CUST_00406,2866.21,474.06,2168.96,19526.67,11,39,13,0.111,5,194.39,1
CUST_00407,3275.45,232.23,10224.95,4216.39,8,29,13,2.424,3,202.76,0
CUST_00408,7681.48,1178.51,6101.74,8168.66,11,24,13,0.747,3,1175.05,0
CUST_00409,605.62,155.85,1214.69,6328.67,6,27,11,0.192,5,476.47,1
CUST_00410,1133.62,418.65,5278.66,1567.16,7,22,13,3.366,3,472.42,0
CUST_00411,959.14,119.06,3940.93,22338.96,6,40,10,0.176,4,128.83,0
CUST_00412,445.74,268.65,28582.28,5914.25,8,33,8,4.832,5,81.43,0
CUST_00413,1977.45,311.82,2075.13,12512.15,8,27,12,0.166,4,589.6,0
CUST_00414,7147.3,352.85,2557.84,3500.9,10,29,12,0.73,4,62.29,0
CUST_00415,2817.5,337.33,19692.16,5766.86,16,34,11,3.414,4,210.38,1
CUST_00416,4350.35,13.61,23990.44,3175.36,9,40,14,7.553,2,169.33,0
CUST_00417,9704.02,171.58,4464.95,18969.71,6,21,6,0.235,1,156.4,0
CUST_00418,12027.1,114.42,4886.99,8644.67,7,31,15,0.565,4,219.5,0
CUST_00419,3421.3,133.98,13266.38,9063.36,11,35,9,1.464,4,142.74,0
CUST_00420,12310.74,144.5,1259.31,21045.8,9,35,7,0.06,6,127.59,0
CUST_00421,3955.7,396.22,1828.12,17727.81,12,42,16,0.103,5,357.29,0
CUST_00422,1713.58,213.16,6473.12,12715.04,3,32,13,0.509,5,630.44,0
CUST_00423,2132.48,120.78,27998.67,1981.35,9,30,16,14.124,2,88.64,0
CUST_00424,960.56,56.0,5718.24,3672.66,6,18,12,1.557,8,342.71,0
CUST_00425,1637.1,617.97,8784.55,2826.22,9,30,12,3.107,2,436.59,1
CUST_00426,2638.02,108.0,20071.0,12312.91,7,31,10,1.63,1,408.53,0
CUST_00427,7504.26,163.27,43717.68,7669.86,7,16,11,5.699,4,255.99,0
CUST_00428,17131.82,1003.35,5107.79,2034.62,9,34,12,2.509,11,196.77,1
CUST_00429,1049.47,110.38,7994.67,5650.88,8,33,4,1.415,4,508.27,0
CUST_00430,5185.1,145.4,34809.45,1863.11,8,32,8,18.673,5,377.93,0
CUST_00431,1427.26,218.27,2397.64,6341.16,12,29,12,0.378,4,79.36,0
CUST_00432,5581.58,50.16,18436.08,1624.46,10,20,12,11.342,3,256.02,0
CUST_00433,3235.77,45.72,3587.99,10399.4,6,38,8,0.345,7,310.7,0
CUST_00434,700.77,123.31,8795.35,9147.8,12,32,9,0.961,4,138.99,0
CUST_00435,8395.64,126.77,6673.53,33582.36,9,32,14,0.199,6,252.04,0
CUST_00436,2112.23,201.82,3765.33,13639.05,12,30,12,0.276,6,421.61,0
CUST_00437,2251.81,82.9,3690.5,4630.98,7,29,15,0.797,4,167.48,0
CUST_00438,1390.23,256.51,10108.5,13297.88,13,35,7,0.76,2,351.81,0
CUST_00439,2020.59,32.29,17969.51,2022.29,5,28,15,8.881,4,149.5,0
CUST_00440,5351.34,171.36,7304.25,2927.48,8,25,14,2.494,8,125.75,0
CUST_00441,3070.76,241.81,8570.58,8805.85,4,25,18,0.973,0,459.86,0
CUST_00442,4894.15,235.75,12796.66,1059.43,9,19,15,12.067,4,679.8,0
CUST_00443,5042.87,159.14,3724.56,6427.97,5,42,16,0.579,2,130.5,1
CUST_00444,11951.3,106.88,14643.53,2787.15,6,36,6,5.252,3,582.38,0
CUST_00445,2674.43,155.48,15606.99,7230.84,6,28,9,2.158,2,296.16,0
CUST_00446,963.75,486.47,65049.32,2654.27,9,30,12,24.498,5,63.47,0
CUST_00447,9513.81,112.22,5997.61,9514.87,10,21,15,0.63,4,109.46,0
CUST_00448,2701.77,396.43,5616.9,6744.13,8,29,6,0.833,5,457.5,0
CUST_00449,9928.19,450.25,14990.51,21814.08,5,29,15,0.687,6,95.89,0
CUST_00450,5141.19,45.21,15604.01,6672.33,7,34,13,2.338,4,193.84,0
CUST_00451,3235.62,163.61,5281.31,3451.81,3,25,11,1.53,7,282.32,0
CUST_00452,4983.55,82.91,5869.18,5378.4,13,30,10,1.091,7,408.96,1
CUST_00453,21076.44,54.52,12492.76,2116.25,5,30,12,5.9,5,340.11,0
CUST_00454,23606.62,341.59,4179.44,9369.52,5,21,10,0.446,3,896.05,0
CUST_00455,3875.55,264.72,5834.67,10953.04,10,30,12,0.533,2,168.84,0
CUST_00456,4205.6,223.8,8705.19,54112.29,8,36,15,0.161,4,320.22,0
CUST_00457,9591.34,76.07,17975.25,3910.57,6,33,14,4.595,1,410.28,0
CUST_00458,1700.89,214.51,4995.64,5283.66,7,30,11,0.945,6,492.11,0
CUST_00459,4913.61,63.54,1855.84,4066.77,14,31,13,0.456,4,623.84,0
CUST_00460,3557.18,192.83,1748.86,7944.99,10,32,7,0.22,6,220.56,1
CUST_00461,4829.59,106.78,2958.59,9176.83,6,31,17,0.322,4,471.56,1
CUST_00462,1719.81,420.16,2834.06,6339.98,12,38,10,0.447,5,156.32,1
CUST_00463,870.78,135.57,7160.33,16703.56,11,34,17,0.429,2,283.05,0
CUST_00464,563.58,218.11,3130.34,3926.75,9,28,17,0.797,2,424.48,1
CUST_00465,1331.89,218.48,4618.37,15340.44,14,42,12,0.301,3,591.57,0
CUST_00466,2409.54,170.61,4362.2,10485.23,3,34,7,0.416,1,445.48,0
CUST_00467,2796.51,197.21,5696.42,6566.75,7,34,14,0.867,5,318.42,1
CUST_00468,20816.64,231.14,23341.86,5076.13,12,31,19,4.597,3,282.69,0
CUST_00469,9851.65,88.49,13760.51,52191.12,15,33,6,0.264,4,438.85,0
CUST_00470,1531.68,250.22,8208.32,3312.78,9,34,4,2.477,5,1383.61,0
CUST_00471,4978.77,361.8,5603.68,8546.21,5,28,13,0.656,2,543.6,0
CUST_00472,2524.07,249.11,5729.67,3506.29,7,26,15,1.634,5,390.37,0
CUST_00473,2818.82,136.55,10532.25,30265.92,12,28,14,0.348,3,114.63,1
CUST_00474,4301.82,208.41,12930.39,14098.2,9,27,7,0.917,10,165.48,0
CUST_00475,6356.63,135.5,3920.23,3727.16,8,25,16,1.052,5,238.21,0
CUST_00476,2682.94,164.85,8343.05,10256.9,7,33,8,0.813,6,565.11,0
CUST_00477,9485.0,70.09,1595.12,8258.86,8,43,10,0.193,5,155.13,0
CUST_00478,1302.78,546.78,9598.59,4276.41,6,27,9,2.244,5,468.58,0
CUST_00479,3661.78,852.68,14908.99,12637.7,13,32,11,1.18,5,324.99,0
CUST_00480,37718.51,103.22,6476.56,9236.42,7,25,7,0.701,4,383.16,1
CUST_00481,4450.5,340.0,34655.84,7969.24,10,28,9,4.348,3,256.94,0
CUST_00482,13225.38,581.9,4003.84,6402.02,8,32,8,0.625,7,196.83,0
CUST_00483,3953.55,84.26,9642.66,9570.07,11,28,9,1.007,4,151.16,0
CUST_00484,6140.73,32.24,7874.15,8062.5,9,31,12,0.977,4,458.57,1
CUST_00485,3459.55,609.99,7478.31,6975.99,12,25,11,1.072,7,283.24,0
CUST_00486,3123.26,179.78,7394.87,3847.34,6,33,13,1.922,1,140.6,0
CUST_00487,1805.27,119.63,8828.0,27992.76,8,23,12,0.315,5,349.43,1
CUST_00488,5362.96,188.27,15968.4,2716.62,12,34,9,5.876,4,3282.33,0
CUST_00489,1691.92,134.93,24396.35,9542.31,7,40,19,2.556,3,259.55,0
CUST_00490,6627.79,1934.43,8088.51,5053.29,14,33,12,1.6,3,951.34,0
CUST_00491,9669.76,118.56,15556.8,29602.53,8,30,18,0.526,5,48.93,0
CUST_00492,5063.83,235.54,4622.02,3078.01,11,24,13,1.501,0,247.32,1
CUST_00493,2814.04,509.69,14954.45,3551.15,11,23,9,4.21,3,583.1,0
CUST_00494,5478.4,507.73,4404.61,2909.26,11,30,12,1.513,3,302.14,1
CUST_00495,2757.82,435.63,19390.29,8733.71,11,18,9,2.22,5,190.6,0
CUST_00496,8450.6,128.95,47501.32,2065.04,11,16,16,22.991,5,293.39,0
CUST_00497,700.46,160.5,7349.1,4417.15,12,24,11,1.663,5,595.6,0
CUST_00498,2691.77,31.83,1402.43,1064.74,7,31,13,1.316,5,1339.98,0
CUST_00499,606.84,170.78,5226.73,8138.48,15,26,16,0.642,5,630.08,1
CUST_00500,948.09,186.09,21709.39,4336.48,9,16,7,5.005,3,209.91,0
CUST_00501,12425.13,328.12,12612.72,1872.73,12,36,19,6.731,6,253.91,0
CUST_00502,8149.13,762.34,9888.53,16693.39,9,37,9,0.592,4,255.24,0
CUST_00503,1905.44,320.23,18159.24,2183.06,16,22,13,8.314,4,162.87,0
CUST_00504,941.76,426.89,11938.97,13061.21,10,39,14,0.914,5,268.13,0
CUST_00505,252.63,178.76,21465.03,3655.96,12,28,9,5.87,3,246.74,1
CUST_00506,2232.45,506.46,16907.95,25882.84,6,29,14,0.653,5,128.97,0
CUST_00507,32156.62,182.89,27374.31,12545.51,10,27,10,2.182,4,537.37,0
CUST_00508,5385.13,451.46,10797.14,2816.24,8,27,11,3.833,3,401.28,0
CUST_00509,2200.38,345.02,16717.44,3042.64,11,24,12,5.493,6,190.82,0
CUST_00510,5533.48,248.19,6337.87,11099.96,11,34,15,0.571,7,331.44,0
CUST_00511,893.49,52.85,5008.2,5308.04,10,31,10,0.943,5,152.14,0
CUST_00512,2786.13,434.71,31742.57,5744.85,10,31,9,5.524,5,203.04,0
CUST_00513,3981.96,245.31,9633.13,19563.15,8,25,9,0.492,7,483.66,0
CUST_00514,3369.47,318.0,15427.46,3510.85,9,20,5,4.393,4,415.6,0
CUST_00515,7418.45,232.95,8946.27,7169.56,8,34,14,1.248,3,208.67,0
CUST_00516,4965.06,267.4,5068.44,14934.57,9,28,11,0.339,5,371.68,1
CUST_00517,6644.16,513.13,8174.59,13197.07,8,27,17,0.619,1,283.71,0
CUST_00518,1959.54,124.07,25560.29,5792.56,9,37,14,4.412,2,148.7,0
CUST_00519,8168.45,263.52,12634.57,5189.69,7,35,12,2.434,8,265.85,0
CUST_00520,15772.82,97.32,2060.74,1513.24,11,24,12,1.361,4,404.41,0
CUST_00521,1520.61,287.53,6821.29,2703.2,13,33,13,2.522,3,370.3,0
CUST_00522,1637.74,221.63,33719.62,8695.89,5,35,6,3.877,4,91.39,0
CUST_00523,12115.08,109.42,6829.2,5900.55,11,32,6,1.157,3,335.72,0
CUST_00524,3064.96,195.38,1919.11,7070.51,11,25,21,0.271,8,304.23,1
CUST_00525,12880.11,115.01,36843.67,16048.42,9,19,12,2.296,1,79.14,0
CUST_00526,2444.8,133.97,13987.43,2418.19,6,31,12,5.782,0,169.76,0
CUST_00527,13487.8,240.77,7661.7,5427.57,8,33,13,1.411,1,421.64,0
CUST_00528,4098.34,224.69,6020.14,7788.51,7,20,13,0.773,3,787.89,1
CUST_00529,4593.54,39.0,19261.85,3646.28,11,26,12,5.281,2,94.79,0
CUST_00530,14887.04,243.81,5252.26,22398.64,13,27,11,0.234,3,593.19,1
CUST_00531,2629.13,142.21,20304.65,14361.39,18,30,13,1.414,4,80.14,0
CUST_00532,1560.86,130.13,12503.4,8489.74,14,27,12,1.473,4,794.94,0
CUST_00533,2431.57,73.57,9855.11,30488.26,8,25,8,0.323,2,252.88,1
CUST_00534,5470.36,174.81,9103.48,1855.55,10,26,14,4.903,3,181.22,0
CUST_00535,889.64,119.29,7044.66,6590.82,12,36,12,1.069,4,383.05,0
CUST_00536,6462.19,502.11,18704.36,9057.84,13,24,11,2.065,4,152.36,0
CUST_00537,2241.96,44.72,4055.08,3049.18,10,37,18,1.329,8,428.87,0
CUST_00538,10229.5,83.84,2213.79,8566.44,15,24,10,0.258,6,274.03,0
CUST_00539,422.07,79.42,13247.34,2589.98,10,23,16,5.113,6,20.76,1
CUST_00540,1793.8,222.95,13426.57,11931.94,8,39,10,1.125,5,169.44,0
CUST_00541,798.06,463.36,11898.8,16303.9,8,37,14,0.73,2,341.64,0
CUST_00542,1730.89,271.1,11228.19,8362.25,9,24,9,1.343,2,630.51,1
CUST_00543,4550.08,75.51,6270.23,1373.51,14,31,11,4.562,7,376.93,0
CUST_00544,3098.57,128.59,15214.23,2916.75,6,30,12,5.214,5,623.5,0
CUST_00545,2898.53,94.88,7813.07,10721.47,10,22,8,0.729,5,159.85,0
CUST_00546,3154.97,272.1,5487.95,6754.87,8,37,11,0.812,6,497.38,1
CUST_00547,4372.32,126.51,6313.76,671.89,10,35,10,9.383,8,503.25,0
CUST_00548,1468.97,58.54,40803.04,19080.19,6,29,8,2.138,3,95.42,0
CUST_00549,6878.56,289.39,2022.36,7451.41,11,30,18,0.271,3,645.26,0
CUST_00550,6610.4,498.0,12086.33,3306.97,5,29,13,3.654,6,375.84,0
CUST_00551,5148.88,157.13,2114.79,15455.38,7,26,14,0.137,4,245.42,0
CUST_00552,6008.2,199.6,7430.98,3729.73,11,33,11,1.992,5,242.48,0
CUST_00553,4754.16,54.32,5727.86,3695.3,14,25,8,1.55,5,144.52,0
CUST_00554,22732.84,34.9,1528.4,8996.58,5,35,9,0.17,3,464.78,0
CUST_00555,3366.45,41.29,11061.55,30148.27,10,32,12,0.367,4,369.24,0
CUST_00556,2761.76,174.9,5978.77,26371.76,4,37,13,0.227,8,449.46,0
CUST_00557,1847.94,141.69,1511.16,9006.98,6,35,14,0.168,5,315.86,0
CUST_00558,1437.94,280.62,15861.57,9828.36,9,37,11,1.614,6,345.17,0
CUST_00559,1187.94,154.76,25540.1,13000.9,8,30,11,1.964,2,242.95,0
CUST_00560,1636.12,399.5,26691.47,2279.16,8,30,15,11.706,0,635.08,0
CUST_00561,3416.55,364.24,10798.53,11470.41,11,32,13,0.941,5,456.9,0
CUST_00562,4919.02,140.05,8407.22,3554.74,11,31,10,2.364,4,337.31,0
CUST_00563,3812.45,81.23,23447.64,8696.76,6,31,14,2.696,7,272.0,1
CUST_00564,1828.07,39.14,31129.37,5467.91,7,28,10,5.692,6,86.7,1
CUST_00565,8185.88,570.7,20067.46,10158.1,8,28,7,1.975,7,74.5,0
CUST_00566,7083.13,85.28,3815.28,7334.82,5,35,13,0.52,2,230.95,1
CUST_00567,3153.65,54.75,9519.29,486.83,7,26,14,19.513,3,726.39,0
CUST_00568,2023.08,201.12,11517.39,7723.77,14,35,6,1.491,2,182.47,0
CUST_00569,5964.53,55.15,1905.13,11450.97,10,29,9,0.166,2,187.56,0
CUST_00570,4312.08,200.96,11795.68,9691.84,7,34,19,1.217,4,151.31,0
CUST_00571,988.99,138.51,49930.81,6080.26,5,35,12,8.211,5,121.11,0
CUST_00572,3424.87,379.53,13520.32,26791.43,9,30,13,0.505,9,157.62,0
CUST_00573,4609.3,354.02,26337.01,8644.4,6,33,9,3.046,2,363.23,0
CUST_00574,1620.15,438.19,9379.97,9624.07,8,30,15,0.975,2,211.81,0
CUST_00575,4319.35,213.79,7642.08,16120.03,7,44,19,0.474,3,205.19,0
CUST_00576,983.05,91.22,10993.03,9029.06,5,30,16,1.217,5,192.79,0
CUST_00577,12119.46,79.08,4218.94,3092.34,10,33,8,1.364,2,352.8,0
CUST_00578,11194.24,118.56,3748.01,834.98,8,27,16,4.483,7,392.76,0
CUST_00579,2900.78,893.74,22315.65,4422.44,8,29,12,5.045,4,80.78,0
CUST_00580,5049.83,148.51,24291.31,12667.61,7,28,13,1.917,5,175.53,0
CUST_00581,416.16,206.19,3666.95,4914.12,13,36,10,0.746,3,280.74,1
CUST_00582,1285.99,610.87,17577.92,13108.31,8,28,18,1.341,5,406.36,0
CUST_00583,2795.03,222.23,7558.53,7528.26,13,37,10,1.004,4,326.81,0
CUST_00584,1387.25,99.59,10634.37,19828.12,7,34,10,0.536,4,531.66,0
CUST_00585,6925.44,325.1,11709.72,5161.93,9,34,12,2.268,5,111.24,0
CUST_00586,21972.94,128.67,17952.42,9872.15,5,26,6,1.818,4,399.67,0
CUST_00587,1262.75,228.45,8657.44,10198.57,9,23,15,0.849,1,1256.28,0
CUST_00588,1713.48,273.07,25037.49,23774.33,4,34,15,1.053,1,309.02,0
CUST_00589,4500.32,122.07,10378.9,1555.2,6,25,5,6.669,5,317.96,0
CUST_00590,15521.86,210.42,13351.01,4493.35,9,31,14,2.971,3,429.87,0
CUST_00591,1211.8,652.0,4160.5,13646.5,3,34,12,0.305,4,204.03,1
CUST_00592,4555.69,109.81,45566.46,24686.5,13,36,11,1.846,2,154.04,0
CUST_00593,18754.12,519.84,11800.06,8136.06,4,32,11,1.45,4,311.26,1
CUST_00594,823.38,113.02,14334.12,5172.97,7,20,11,2.77,5,93.9,0
CUST_00595,1149.45,766.36,2238.25,12626.47,8,30,10,0.177,2,394.33,0
CUST_00596,2486.81,91.43,4195.8,13882.68,10,36,13,0.302,1,443.71,0
CUST_00597,2278.95,132.28,21813.99,4886.77,6,35,14,4.463,1,97.25,0
CUST_00598,7565.4,605.83,10193.57,8784.65,9,21,10,1.16,4,334.99,1
CUST_00599,4525.55,627.53,1752.81,18096.04,9,38,7,0.097,6,256.84,0
CUST_00600,736.96,348.88,18594.7,33086.82,11,30,11,0.562,4,840.94,0
CUST_00601,5789.89,76.29,5244.7,12471.66,11,22,11,0.42,2,747.62,0
CUST_00602,2165.09,193.63,25060.64,6887.88,12,29,12,3.638,3,538.69,0
CUST_00603,11464.41,181.45,7553.24,6336.21,12,39,12,1.192,2,697.48,0
CUST_00604,2069.73,91.41,9544.93,10655.03,8,30,7,0.896,5,231.45,0
CUST_00605,2052.98,316.55,20809.47,6012.99,7,26,10,3.46,8,358.51,0
CUST_00606,5925.49,97.38,3952.11,7794.66,7,29,17,0.507,2,250.46,0
CUST_00607,7234.63,64.56,3661.85,2699.45,7,36,15,1.356,1,148.71,1
CUST_00608,5449.56,49.57,6924.36,19980.23,9,40,18,0.347,1,316.67,0
CUST_00609,798.68,713.25,15705.06,2517.05,9,26,8,6.237,2,281.95,0
CUST_00610,5908.99,120.5,2794.19,4594.91,12,25,18,0.608,3,259.4,1
CUST_00611,1435.29,122.53,2133.61,7208.05,10,26,15,0.296,2,286.73,0
CUST_00612,4499.62,79.48,15661.75,36038.35,13,35,13,0.435,7,311.86,0
CUST_00613,1010.94,541.5,5002.12,4631.89,6,21,15,1.08,9,556.42,0
CUST_00614,5440.85,60.09,5920.75,3766.44,12,33,12,1.572,5,198.52,0
CUST_00615,1761.75,69.18,1834.54,4153.91,10,26,16,0.442,1,122.03,0
CUST_00616,1147.83,140.13,4707.05,27175.27,10,39,18,0.173,0,480.39,1
CUST_00617,6921.85,178.17,8054.18,607.59,7,32,11,13.234,4,544.36,0
CUST_00618,4525.49,307.02,17056.77,2828.98,10,32,20,6.027,5,383.97,0
CUST_00619,2095.23,105.59,4372.17,67615.69,9,35,15,0.065,4,134.67,0
CUST_00620,13440.95,623.57,30512.78,10962.65,14,34,12,2.783,5,272.59,0
CUST_00621,2448.95,106.16,4686.1,2591.29,12,38,15,1.808,7,364.87,1
CUST_00622,3747.7,80.89,4691.59,6402.03,6,26,13,0.733,8,141.48,1
CUST_00623,4637.92,74.96,27719.35,7025.74,6,30,13,3.945,0,175.02,0
CUST_00624,2084.53,97.6,9596.64,13618.8,5,31,10,0.705,2,269.72,0
CUST_00625,5563.72,71.18,5210.23,31684.3,9,35,14,0.164,3,684.07,1
CUST_00626,2252.72,330.54,7157.34,9230.5,12,25,15,0.775,2,349.89,0
CUST_00627,2513.74,81.4,23919.73,4193.03,11,34,16,5.703,7,200.18,0
CUST_00628,12411.5,163.0,26185.53,12952.21,12,31,19,2.022,2,259.52,0
CUST_00629,1427.2,79.55,4215.68,3664.64,9,29,7,1.15,2,187.47,0
CUST_00630,415.09,70.84,7832.62,2756.35,10,37,14,2.841,4,223.99,0
CUST_00631,15519.36,439.32,8709.12,1486.35,10,23,14,5.855,4,495.51,0
CUST_00632,36112.53,653.42,3681.25,1753.98,7,33,5,2.098,3,77.94,0
CUST_00633,2528.19,500.3,7750.03,3096.48,13,26,8,2.502,5,750.29,1
CUST_00634,637.05,55.86,8137.66,2437.87,4,33,14,3.337,8,1383.58,0
CUST_00635,2753.32,62.42,20174.36,8658.1,5,30,10,2.33,6,334.89,1
CUST_00636,2814.1,882.45,21288.88,2393.49,11,28,11,8.891,5,167.04,0
CUST_00637,3068.88,147.9,6226.89,458.46,6,34,15,13.552,4,674.7,0
CUST_00638,1336.69,60.35,6828.34,2731.69,8,27,13,2.499,3,363.06,0
CUST_00639,6134.02,430.86,13786.34,4442.26,19,27,14,3.103,4,206.82,1
CUST_00640,5837.49,191.31,5073.82,3965.42,12,40,12,1.279,8,151.36,1
CUST_00641,948.65,285.89,12976.72,24139.29,11,26,15,0.538,6,224.96,1
CUST_00642,6831.35,30.26,7552.81,3938.24,10,35,9,1.917,2,342.0,0
CUST_00643,23096.04,139.63,3731.18,14027.64,8,32,12,0.266,3,559.39,0
CUST_00644,4250.38,387.24,3768.87,6528.06,8,33,14,0.577,4,364.65,1
CUST_00645,2687.61,108.6,25787.55,6399.92,6,29,11,4.029,7,410.71,0
CUST_00646,3204.13,486.87,7149.97,3261.45,8,39,11,2.192,7,236.6,0
CUST_00647,6334.28,63.22,30100.09,6310.91,9,38,14,4.769,2,543.73,0
CUST_00648,766.93,165.66,5372.73,3462.23,8,23,12,1.551,4,258.6,0
CUST_00649,4221.52,675.83,10228.82,7665.77,9,39,8,1.334,5,1082.03,1
CUST_00650,2562.1,72.19,54947.93,5427.25,8,22,17,10.123,10,189.25,0
CUST_00651,19207.24,225.24,3477.58,2972.23,7,29,9,1.17,4,394.06,0
CUST_00652,3112.7,289.48,1775.34,15415.21,9,26,14,0.115,2,1383.78,0
CUST_00653,16335.55,195.02,22680.76,9535.86,8,30,11,2.378,7,619.78,1
CUST_00654,1348.35,148.41,4182.03,4533.03,9,27,8,0.922,3,503.6,0
CUST_00655,6176.66,89.92,7969.96,7507.58,12,35,10,1.061,6,367.89,0
CUST_00656,4853.52,212.14,5070.86,6178.01,8,46,15,0.821,4,310.13,1
CUST_00657,1665.46,166.98,10041.99,3173.36,10,39,9,3.163,6,264.62,1
CUST_00658,4271.23,57.45,3787.92,7043.93,9,30,10,0.538,7,201.69,0
CUST_00659,10842.91,436.98,7016.7,3913.31,9,23,11,1.793,6,102.0,0
CUST_00660,2720.54,87.53,11612.67,2971.45,9,30,16,3.907,3,467.98,1
CUST_00661,794.12,58.66,3616.83,1670.12,9,31,19,2.164,7,101.84,0
CUST_00662,3583.85,112.56,4628.24,4891.15,10,25,14,0.946,3,471.52,0
CUST_00663,1616.18,88.75,6137.01,10742.09,15,30,13,0.571,4,240.69,1
CUST_00664,2675.5,147.44,2583.62,3675.85,7,32,15,0.703,6,153.11,0
CUST_00665,3383.18,67.09,5778.8,56534.28,10,21,11,0.102,3,799.49,0
CUST_00666,784.4,259.4,8910.96,14084.54,6,26,13,0.633,1,108.38,0
CUST_00667,850.57,547.21,5886.17,20104.13,13,25,10,0.293,5,187.49,0
CUST_00668,5618.73,197.29,6521.76,13042.34,8,29,7,0.5,5,200.17,0
CUST_00669,2274.59,57.09,7975.09,32046.24,5,42,11,0.249,4,331.86,0
CUST_00670,362.03,87.31,4795.37,3398.36,6,23,8,1.411,4,194.63,0
CUST_00671,7378.75,216.38,14084.78,752.48,13,33,10,18.693,4,831.47,0
CUST_00672,4652.37,37.58,25559.96,4540.5,13,23,12,5.628,3,114.44,0
CUST_00673,1915.08,67.61,5588.66,10662.47,8,29,17,0.524,6,5217.6,0
CUST_00674,1113.04,48.52,11946.08,7546.12,13,26,10,1.583,1,142.43,0
CUST_00675,7725.08,198.81,6689.58,8384.6,8,33,12,0.798,1,2366.36,0
CUST_00676,4986.13,1022.23,10855.1,20389.46,4,28,14,0.532,2,642.35,1
CUST_00677,31080.69,66.1,28356.84,9179.69,8,32,8,3.089,2,276.66,0
CUST_00678,5314.37,348.3,12172.42,13083.09,6,23,13,0.93,4,350.25,0
CUST_00679,5161.24,115.46,1961.11,2985.05,9,26,14,0.657,7,229.26,0
CUST_00680,3133.06,63.05,11651.57,2614.73,13,31,6,4.454,3,381.05,0
CUST_00681,7593.88,633.53,21726.57,26160.26,7,26,11,0.83,4,178.41,1
CUST_00682,6390.56,1020.32,6786.72,7228.35,12,37,12,0.939,3,490.93,1
CUST_00683,11232.34,252.02,17970.88,3905.95,11,27,12,4.6,2,339.47,0
CUST_00684,2277.44,242.26,4665.3,3912.04,7,33,5,1.192,1,149.51,0
CUST_00685,2460.53,190.53,2469.0,3820.92,7,22,11,0.646,6,403.03,0
CUST_00686,2365.65,161.0,9071.88,3631.44,10,25,14,2.497,4,385.98,0
CUST_00687,7418.42,237.95,1987.87,2229.04,13,29,6,0.891,3,180.91,0
CUST_00688,14024.16,311.34,6688.76,1853.15,11,43,6,3.607,3,221.54,0
CUST_00689,2409.18,685.86,22685.33,5620.9,4,26,13,4.035,6,427.84,0
CUST_00690,2484.19,119.32,1758.45,4007.86,10,30,15,0.439,5,641.31,0
CUST_00691,4830.33,200.72,2911.44,17001.99,9,38,9,0.171,4,270.54,0
CUST_00692,2918.47,168.89,3548.83,8511.0,9,32,10,0.417,7,573.33,0
CUST_00693,8577.08,411.27,7702.84,8312.54,14,31,12,0.927,4,676.51,1
CUST_00694,479.81,1236.53,6047.66,3527.51,6,39,12,1.714,5,744.18,0
CUST_00695,1730.15,422.78,24817.62,5985.68,9,38,13,4.145,3,400.17,0
CUST_00696,1800.51,343.3,17387.01,9016.86,7,27,11,1.928,12,158.98,0
CUST_00697,451.1,374.77,12042.75,12194.82,11,32,8,0.987,3,557.75,0
CUST_00698,1529.54,499.67,9104.32,6125.35,12,37,11,1.486,5,261.39,1
CUST_00699,1597.76,1250.82,11098.71,16601.61,7,20,8,0.668,3,426.05,0
CUST_00700,3038.16,47.07,4066.0,6679.45,7,25,14,0.609,2,192.42,1
CUST_00701,9913.66,292.85,16087.02,13015.81,11,34,14,1.236,9,196.35,1
CUST_00702,2920.31,22.99,3328.79,4374.84,3,25,11,0.761,2,182.92,0
CUST_00703,1439.81,388.03,15808.48,1421.26,11,35,12,11.115,5,118.22,0
CUST_00704,3459.02,281.7,20929.48,8334.05,9,27,8,2.511,2,198.2,0
CUST_00705,9360.52,117.04,9592.07,12289.81,8,44,8,0.78,7,145.03,0
CUST_00706,1512.68,21.41,7037.65,10818.85,9,32,5,0.65,6,444.25,1
CUST_00707,1604.36,179.2,11161.75,9498.21,9,28,15,1.175,4,141.82,1
CUST_00708,6019.11,216.65,821.22,4932.99,11,25,8,0.166,4,187.05,0
CUST_00709,2982.8,172.35,10319.66,3341.8,9,24,12,3.087,7,299.53,0
CUST_00710,6520.69,110.26,7400.6,10603.81,9,29,15,0.698,1,1062.84,0
CUST_00711,3596.51,88.46,7781.45,9532.67,13,31,9,0.816,0,184.11,0
CUST_00712,6846.53,173.92,14260.18,4118.46,8,23,12,3.462,5,113.57,1
CUST_00713,1434.3,95.44,7632.61,17034.75,17,27,17,0.448,3,119.31,0
CUST_00714,3601.57,346.35,3254.63,3132.43,10,32,9,1.039,5,163.62,0
CUST_00715,3012.06,170.21,7236.39,4040.02,14,27,10,1.791,3,188.71,0
CUST_00716,1218.89,45.62,8553.06,26661.12,9,42,18,0.321,3,1500.0,0
CUST_00717,891.47,208.8,8883.47,13881.25,10,26,14,0.64,4,588.0,0
CUST_00718,6749.17,252.49,9223.74,4893.64,6,39,11,1.884,3,239.72,0
CUST_00719,2654.85,661.42,18610.76,8469.9,11,31,10,2.197,3,1093.35,0
CUST_00720,1450.91,380.89,3398.78,7567.16,9,35,10,0.449,2,194.65,0
CUST_00721,3339.04,88.33,9325.99,643.05,7,30,12,14.48,3,224.11,0
CUST_00722,10048.89,567.17,22741.43,3070.2,5,29,7,7.405,4,214.89,0
CUST_00723,467.47,59.81,2022.95,6353.62,10,21,11,0.318,6,613.26,1
CUST_00724,946.74,185.4,9355.48,4899.46,14,30,14,1.909,7,284.58,0
CUST_00725,1586.68,331.38,5073.05,8184.83,8,28,11,0.62,1,858.45,0
CUST_00726,13562.46,582.28,6023.55,17327.67,6,27,14,0.348,4,404.97,0
CUST_00727,4695.35,821.49,3929.05,5047.73,9,25,15,0.778,2,564.69,1
CUST_00728,7263.27,502.59,7075.26,2699.96,12,35,16,2.62,2,83.82,0
CUST_00729,1304.87,162.5,35348.26,8744.01,8,33,10,4.042,3,90.98,0
CUST_00730,1329.31,288.22,2946.74,5025.95,10,31,11,0.586,3,93.1,0
CUST_00731,5448.16,216.92,3178.97,5810.06,8,28,4,0.547,2,221.48,0
CUST_00732,3837.0,102.77,2859.64,5177.06,6,27,11,0.552,6,101.78,0
CUST_00733,5966.2,165.26,32271.33,44603.26,5,20,13,0.724,3,712.1,0
CUST_00734,3075.11,763.76,5597.8,987.72,12,32,26,5.662,1,259.97,1
CUST_00735,4676.61,303.97,7938.57,4769.12,3,26,9,1.664,6,459.78,1
CUST_00736,4197.76,941.52,5870.96,6613.47,8,27,12,0.888,4,211.75,0
CUST_00737,7331.9,76.25,3806.49,3415.33,10,25,13,1.114,4,532.38,0
CUST_00738,7527.42,133.59,6713.53,14254.84,9,30,5,0.471,6,75.52,0
CUST_00739,847.35,252.7,57907.08,13243.59,10,27,15,4.372,6,288.81,0
CUST_00740,481.77,328.29,24677.74,6370.34,9,32,10,3.873,2,424.33,0
CUST_00741,8969.37,165.1,4095.52,5270.75,7,26,19,0.777,5,450.11,0
CUST_00742,10603.64,343.92,13603.19,6032.02,9,20,13,2.255,4,239.28,0
CUST_00743,1453.08,341.85,4166.29,6068.89,11,37,7,0.686,2,90.22,1
CUST_00744,682.76,59.72,1956.49,6206.69,6,29,7,0.315,4,606.62,0
CUST_00745,3980.38,331.21,18317.44,5654.46,8,37,11,3.239,8,227.1,0
CUST_00746,8414.86,427.78,20497.83,8222.11,12,24,7,2.493,4,241.35,0
CUST_00747,18358.26,229.73,18710.53,12584.61,13,25,11,1.487,5,1412.97,0
CUST_00748,5794.52,41.6,5564.2,2331.53,5,34,6,2.385,6,319.78,0
CUST_00749,2605.7,145.26,7090.98,2716.05,11,27,5,2.61,2,207.84,0
CUST_00750,1629.75,257.33,14762.01,1500.81,5,26,11,9.829,6,199.3,0
CUST_00751,3678.67,90.69,11083.32,13855.5,13,29,8,0.8,2,469.48,0
CUST_00752,2781.27,377.91,5914.07,8207.26,10,28,4,0.721,2,168.24,0
CUST_00753,1460.36,324.95,2218.85,10193.21,10,28,16,0.218,2,427.6,1
CUST_00754,23014.51,201.86,8875.95,1968.3,9,25,12,4.507,4,646.09,0
CUST_00755,18154.1,183.82,19210.41,30248.62,7,27,9,0.635,3,280.95,1
CUST_00756,10121.77,211.52,3108.61,3953.98,8,29,11,0.786,6,596.74,0
CUST_00757,1589.6,180.68,13507.6,7653.93,7,34,7,1.765,3,284.81,0
CUST_00758,7859.81,64.82,10564.28,13714.75,13,26,14,0.77,2,184.71,0
CUST_00759,6474.74,128.5,14766.53,2867.13,10,25,18,5.148,12,93.2,1
CUST_00760,5422.39,192.09,16278.17,4169.8,9,35,14,3.903,2,362.34,0
CUST_00761,11211.54,563.9,4649.09,7725.61,6,29,12,0.602,5,367.7,0
CUST_00762,6449.99,315.33,2222.6,75271.14,4,28,14,0.03,2,594.03,1
CUST_00763,7086.97,588.66,5287.94,8569.43,15,22,11,0.617,9,555.28,1
CUST_00764,6458.91,58.91,16503.07,25988.44,7,25,22,0.635,5,1270.49,1
CUST_00765,4947.87,136.33,5252.17,18486.98,9,35,15,0.284,3,198.99,0
CUST_00766,731.25,952.5,4650.66,9070.73,8,31,11,0.513,6,383.42,0
CUST_00767,3925.54,100.05,1887.33,2861.74,9,40,12,0.659,3,184.69,0
CUST_00768,2207.08,98.46,32929.3,16330.51,12,24,15,2.016,4,573.09,0
CUST_00769,1150.72,145.85,15686.74,1856.79,6,30,8,8.444,2,156.2,0
CUST_00770,16541.62,910.95,15001.67,25867.53,10,38,13,0.58,3,566.57,1
CUST_00771,17259.12,105.93,17574.08,7863.64,3,30,17,2.235,3,178.47,0
CUST_00772,12373.33,283.15,12853.44,697.37,12,34,19,18.405,4,511.1,0
CUST_00773,4581.09,248.05,6664.41,4966.99,9,34,16,1.341,3,695.43,0
CUST_00774,12277.98,38.75,7108.09,11566.35,7,25,9,0.614,3,100.7,0
CUST_00775,3680.66,179.01,5755.71,5423.68,6,28,11,1.061,5,116.39,0
CUST_00776,4370.0,116.47,66688.82,12182.49,12,33,17,5.474,2,352.28,0
CUST_00777,1360.86,311.8,12641.36,3221.1,5,24,19,3.923,5,326.99,0
CUST_00778,5204.57,728.7,5591.26,2186.19,9,26,12,2.556,4,243.59,0
CUST_00779,3844.3,137.6,11759.27,6243.35,7,23,9,1.883,7,214.14,0
CUST_00780,1127.34,137.6,3609.43,6814.66,7,23,8,0.53,2,164.25,1
CUST_00781,3476.99,1358.67,27000.36,4933.84,8,38,10,5.471,2,376.81,1
CUST_00782,3388.84,102.59,4774.98,18829.83,6,38,10,0.254,5,152.16,0
CUST_00783,18357.71,61.9,12098.88,3220.6,12,24,11,3.756,1,386.17,0
CUST_00784,8142.01,545.69,19011.17,8657.58,12,28,11,2.196,3,199.92,0
CUST_00785,3678.65,174.08,11023.83,7028.82,11,26,13,1.568,4,222.32,0
CUST_00786,4554.67,227.39,8739.22,1766.56,7,30,9,4.944,3,699.98,0
CUST_00787,3788.75,1080.53,8173.41,2162.08,8,24,14,3.779,7,582.97,0
CUST_00788,3033.21,59.0,7745.34,6701.75,7,25,12,1.156,4,148.74,0
CUST_00789,1374.46,155.03,5108.4,35739.79,8,32,11,0.143,4,162.22,1
CUST_00790,3178.15,67.42,5655.67,10854.98,13,35,10,0.521,3,515.16,1
CUST_00791,1860.33,237.02,26467.49,1530.29,4,23,15,17.284,3,109.54,0
CUST_00792,1181.71,116.47,7429.18,471.58,11,29,19,15.721,3,826.99,0
CUST_00793,5768.11,70.93,4321.52,12370.82,13,25,11,0.349,3,328.52,0
CUST_00794,5177.81,325.65,5361.3,6113.28,5,40,10,0.877,1,199.39,1
CUST_00795,729.21,182.78,19541.52,17502.1,7,21,13,1.116,6,301.07,0
CUST_00796,3260.33,66.6,13911.7,3138.15,8,25,14,4.432,4,774.92,0
CUST_00797,8920.71,69.95,12686.11,8934.55,7,25,10,1.42,4,67.24,1
CUST_00798,9445.57,214.06,6594.45,13619.36,6,36,15,0.484,3,613.03,0
CUST_00799,9165.97,47.63,12819.08,4535.34,4,46,10,2.826,8,689.65,0
CUST_00800,3770.72,217.45,4842.33,4618.51,14,28,18,1.048,6,238.74,0
CUST_00801,1701.83,529.35,6583.41,6778.24,4,31,17,0.971,3,284.26,1
CUST_00802,1372.89,309.09,17603.33,10522.54,8,31,11,1.673,1,328.82,1
CUST_00803,4964.88,110.09,16308.18,6553.9,10,40,4,2.488,4,499.43,0
CUST_00804,5122.27,225.76,3694.03,15182.47,6,33,14,0.243,3,179.32,0
CUST_00805,11598.12,66.6,4087.05,4479.9,10,27,8,0.912,2,295.85,0
CUST_00806,9798.47,202.15,8839.29,2144.93,8,30,9,4.119,6,278.68,0
CUST_00807,3232.45,139.56,32238.15,35611.68,7,23,13,0.905,3,480.68,0
CUST_00808,1188.22,78.93,1750.31,3968.17,9,23,7,0.441,4,1944.57,0
CUST_00809,2732.04,298.56,10124.02,4092.14,15,30,17,2.473,1,178.8,0
CUST_00810,4427.14,37.26,2695.03,6273.36,6,25,16,0.43,4,315.82,1
CUST_00811,3035.48,70.2,4878.22,7024.11,8,30,13,0.694,7,175.46,0
CUST_00812,2164.39,77.29,6053.9,4775.81,10,32,9,1.267,1,212.26,0
CUST_00813,4571.5,121.04,5788.3,6536.66,6,28,10,0.885,4,140.73,0
CUST_00814,2313.32,512.59,5286.77,6413.77,7,30,7,0.824,6,102.38,0
CUST_00815,2068.83,331.43,8149.94,7697.08,10,24,15,1.059,4,684.03,0
CUST_00816,4818.93,197.21,5280.6,894.38,8,29,18,5.898,4,383.47,0
CUST_00817,2535.65,189.91,2515.02,32818.41,11,39,12,0.077,2,318.94,0
CUST_00818,4535.52,179.58,15121.85,5853.56,7,38,13,2.583,9,162.1,1
CUST_00819,4655.87,543.19,14798.75,10867.47,9,28,12,1.362,5,283.59,0
CUST_00820,1305.73,42.41,15907.4,2056.2,9,33,14,7.733,8,133.03,0
CUST_00821,2361.1,336.05,2362.35,4445.51,8,23,13,0.531,2,293.22,1
CUST_00822,13279.8,120.72,10292.13,3746.33,10,27,9,2.747,5,377.52,0
CUST_00823,1279.38,271.07,13915.84,23138.78,8,25,8,0.601,5,204.43,1
CUST_00824,541.86,272.11,3551.19,4032.16,9,26,13,0.88,6,175.96,1
CUST_00825,681.53,325.9,8162.77,12636.79,10,26,11,0.646,5,211.75,0
CUST_00826,3737.6,643.5,7383.38,3816.7,15,28,9,1.934,8,528.67,1
CUST_00827,3743.68,60.53,35373.58,4515.51,9,16,8,7.832,6,344.17,0
CUST_00828,3275.25,405.19,37782.33,5384.51,8,32,14,7.016,6,97.04,0
CUST_00829,10859.23,172.24,2139.9,19757.1,6,31,16,0.108,6,495.92,0
CUST_00830,328.47,125.38,59583.95,1330.92,9,34,7,44.735,2,437.15,0
CUST_00831,5199.62,922.43,3896.44,2168.27,12,33,8,1.796,3,340.69,0
CUST_00832,14843.16,317.83,17757.06,1267.49,6,22,13,13.999,7,945.71,0
CUST_00833,1319.49,129.83,17613.1,2632.33,7,34,9,6.689,3,303.9,0
CUST_00834,2586.79,389.88,3653.53,3328.04,9,25,13,1.097,5,404.04,0
CUST_00835,1848.99,174.71,12023.45,1681.92,9,27,14,7.144,3,415.13,0
CUST_00836,1627.97,128.21,7435.14,3554.52,15,21,17,2.091,8,552.35,0
CUST_00837,2714.5,111.62,12625.38,1196.9,5,29,14,10.54,5,255.7,0
CUST_00838,13157.36,231.28,9745.28,2792.55,6,30,14,3.488,6,190.3,0
CUST_00839,19027.64,110.93,21100.91,18404.63,5,37,15,1.146,3,590.61,0
CUST_00840,2690.96,205.27,8606.9,9349.24,6,28,13,0.921,2,569.6,0
CUST_00841,20222.56,368.56,7084.76,7780.28,6,30,14,0.91,4,729.52,0
CUST_00842,3759.42,198.03,19474.31,2828.89,9,30,12,6.882,3,399.77,0
CUST_00843,17647.01,881.13,12891.41,1797.82,8,39,8,7.167,7,94.24,0
CUST_00844,3347.71,183.2,14551.52,2519.25,11,32,8,5.774,2,335.24,0
CUST_00845,4096.76,533.38,4761.56,6395.0,16,38,11,0.744,6,306.0,0
CUST_00846,5059.01,395.85,3511.47,13876.48,10,25,6,0.253,3,706.71,0
CUST_00847,63638.14,614.15,5145.21,14285.67,10,18,7,0.36,6,626.97,0
CUST_00848,7833.44,878.03,4931.23,11339.19,12,27,7,0.435,6,458.96,0
CUST_00849,1926.5,44.3,15198.61,3544.23,8,37,10,4.287,2,70.03,0
CUST_00850,8708.88,224.11,17690.57,6774.14,8,28,8,2.611,5,167.78,0
CUST_00851,2628.98,165.75,7157.35,5048.56,9,27,7,1.417,2,231.6,1
CUST_00852,2343.09,198.17,25456.72,5591.42,7,36,11,4.552,4,235.34,0
CUST_00853,8248.13,131.9,24216.16,37479.85,14,30,10,0.646,7,335.9,1
CUST_00854,3744.25,117.36,9845.0,1483.71,5,29,13,6.631,4,842.31,0
CUST_00855,4678.43,75.21,4198.52,5434.51,14,28,11,0.772,6,515.68,1
CUST_00856,3687.07,195.96,28575.4,18582.7,9,30,15,1.538,3,157.07,0
CUST_00857,4929.16,382.69,7717.04,1908.35,11,24,13,4.042,2,167.32,0
CUST_00858,5337.27,122.12,8963.64,3838.41,11,38,10,2.335,3,157.07,0
CUST_00859,636.97,139.38,6175.32,4231.52,12,27,18,1.459,6,275.4,1
CUST_00860,6633.68,103.7,3976.54,5487.37,11,32,19,0.725,5,525.26,0
CUST_00861,1504.45,81.82,2502.61,1708.61,9,26,9,1.464,6,586.88,0
CUST_00862,994.19,150.07,13444.09,11003.77,5,39,11,1.222,1,229.67,0
CUST_00863,3454.49,238.55,4329.81,11688.31,13,37,8,0.37,3,292.63,0
CUST_00864,3926.81,495.65,93678.59,10220.18,15,30,14,9.165,0,964.81,0
CUST_00865,1950.51,69.85,3398.68,3165.87,6,31,13,1.073,5,105.7,0
CUST_00866,7691.94,176.92,2963.4,7140.47,14,34,16,0.415,5,467.11,1
CUST_00867,1087.94,465.22,12186.83,3088.61,11,29,12,3.944,8,433.1,0
CUST_00868,2524.38,70.59,27541.54,5000.5,14,37,7,5.507,3,242.83,0
CUST_00869,2150.84,499.5,8532.79,41375.65,5,29,9,0.206,5,295.03,1
CUST_00870,3491.45,127.59,12807.6,7196.44,8,35,16,1.779,4,401.08,0
CUST_00871,4679.65,320.24,1854.11,2417.77,15,31,15,0.767,2,243.18,1
CUST_00872,1469.82,152.25,4712.58,7733.25,11,33,19,0.609,3,191.27,0
CUST_00873,6987.33,261.65,3432.72,2102.69,14,27,16,1.632,3,181.45,0
CUST_00874,3853.37,656.7,1779.28,2394.29,12,40,8,0.743,4,1100.5,0
CUST_00875,663.31,164.49,8898.02,2738.17,8,39,14,3.248,5,219.6,0
CUST_00876,624.7,402.3,1347.14,4547.52,13,24,11,0.296,1,344.1,1
CUST_00877,3600.8,225.81,2813.67,14712.07,9,18,15,0.191,5,517.85,1
CUST_00878,2984.33,96.66,5272.42,10846.94,5,41,10,0.486,2,257.74,0
CUST_00879,3317.35,161.34,4167.08,10347.97,8,26,19,0.403,3,306.45,1
CUST_00880,3550.4,153.47,11126.97,2606.89,11,31,10,4.267,7,424.93,1
CUST_00881,4460.45,58.59,10347.13,4187.6,10,27,13,2.47,7,165.08,1
CUST_00882,8543.15,261.71,16564.86,8359.89,7,31,15,1.981,8,101.95,1
CUST_00883,1339.44,306.86,14792.96,3889.08,17,39,14,3.803,4,179.21,0
CUST_00884,1268.04,347.2,20184.1,5236.39,14,27,16,3.854,2,1002.17,0
CUST_00885,1361.05,568.97,8090.66,9654.26,15,19,13,0.838,8,199.81,1
CUST_00886,4722.18,388.83,10329.65,4932.21,11,33,16,2.094,3,327.49,0
CUST_00887,11164.03,111.9,12200.24,8039.73,11,21,13,1.517,2,118.15,1
CUST_00888,2469.56,132.67,9075.42,25689.03,16,33,12,0.353,2,764.71,0
CUST_00889,383.17,354.61,5897.27,5732.57,7,37,9,1.029,8,242.07,0
CUST_00890,785.57,247.59,6210.81,18077.75,7,39,10,0.344,2,217.36,0
CUST_00891,1720.32,178.71,4213.1,10672.92,9,25,9,0.395,2,272.22,0
CUST_00892,2204.03,90.04,11353.64,1906.16,10,30,12,5.953,3,1735.63,0
CUST_00893,2521.1,118.56,7515.99,2599.78,5,35,13,2.89,5,407.1,0
CUST_00894,3769.6,288.95,4766.95,3266.4,5,30,11,1.459,4,267.8,0
CUST_00895,2750.2,38.07,4770.49,3207.96,7,36,12,1.487,5,39.73,0
CUST_00896,9361.92,27.88,3076.91,6144.14,10,30,13,0.501,6,770.54,0
CUST_00897,1981.45,315.67,17731.06,11186.33,15,33,15,1.585,5,183.75,0
CUST_00898,1675.58,118.3,8629.09,19281.18,8,44,7,0.448,5,164.54,0
CUST_00899,5602.61,263.7,4063.34,8620.93,10,28,14,0.471,5,175.16,0
CUST_00900,914.08,639.92,15472.79,4542.23,11,30,10,3.406,4,833.4,1
CUST_00901,5170.49,80.6,5175.24,1130.14,11,35,7,4.575,5,290.18,0
CUST_00902,3993.0,47.67,2630.16,7044.49,9,38,13,0.373,6,102.98,1
CUST_00903,3188.49,145.31,18342.53,6781.17,4,30,20,2.705,4,259.07,0
CUST_00904,15206.05,104.81,5272.83,7750.32,9,26,8,0.68,7,166.99,0
CUST_00905,2079.77,177.63,5842.31,39747.58,7,33,11,0.147,3,384.4,1
CUST_00906,23254.84,278.78,8374.48,19043.99,9,23,11,0.44,5,228.04,0
CUST_00907,2972.36,235.42,20212.8,12929.95,14,30,18,1.563,0,99.63,0
CUST_00908,1153.65,188.11,8234.02,2928.47,10,31,16,2.811,3,282.1,0
CUST_00909,3877.43,422.64,3104.81,4289.62,6,31,10,0.724,6,287.22,0
CUST_00910,1382.13,310.0,12520.24,6120.4,9,38,7,2.045,4,124.28,0
CUST_00911,1850.89,156.79,5497.28,3432.02,12,28,16,1.601,4,75.79,0
CUST_00912,5204.77,301.33,36692.92,10151.68,2,35,11,3.614,4,364.25,0
CUST_00913,6003.06,52.64,8095.83,8985.55,12,30,24,0.901,5,245.56,0
CUST_00914,2079.85,424.54,1355.56,2630.52,8,28,10,0.515,1,257.08,0
CUST_00915,8854.35,184.52,10784.79,18348.34,8,29,20,0.588,1,503.75,1
CUST_00916,10319.15,69.37,38394.84,7237.01,12,34,7,5.305,4,76.93,0
CUST_00917,13262.18,129.89,28587.83,1525.82,11,35,12,18.724,3,311.75,0
CUST_00918,5863.32,415.73,35058.15,6350.94,8,26,16,5.519,5,475.23,0
CUST_00919,12420.28,98.09,3583.85,8425.56,7,33,8,0.425,2,263.0,1
CUST_00920,670.0,251.76,16809.88,15166.94,11,27,11,1.108,4,110.91,0
CUST_00921,2734.99,366.14,4547.82,4979.8,14,27,13,0.913,3,188.18,0
CUST_00922,1668.52,184.85,9695.64,13409.89,14,28,10,0.723,5,217.89,1
CUST_00923,4053.37,90.77,2926.72,7778.13,11,33,10,0.376,4,98.96,0
CUST_00924,2176.98,172.24,4838.86,2169.39,7,26,8,2.229,3,387.6,0
CUST_00925,3135.23,58.7,4717.35,1992.43,12,37,17,2.366,3,299.54,0
CUST_00926,19810.3,122.62,16628.02,17226.01,4,27,16,0.965,6,190.56,0
CUST_00927,3125.2,74.76,15376.19,18335.36,8,29,16,0.839,4,595.78,0
CUST_00928,5283.86,174.6,10111.77,8729.58,13,33,21,1.158,4,207.39,0
CUST_00929,2954.12,65.66,2750.84,23655.49,6,36,8,0.116,3,842.13,1
CUST_00930,3897.7,193.78,6315.03,16286.93,11,29,13,0.388,3,247.58,1
CUST_00931,3660.72,448.67,4460.9,11861.87,16,31,9,0.376,3,153.21,0
CUST_00932,5450.66,471.79,16248.25,3057.6,6,26,11,5.312,5,156.48,0
CUST_00933,10391.85,66.93,20796.66,28903.4,8,27,14,0.719,2,318.54,0
CUST_00934,16037.01,106.39,18865.85,10465.68,12,25,11,1.802,3,141.27,1
CUST_00935,4810.99,358.6,4428.54,4779.24,13,25,10,0.926,7,330.66,0
CUST_00936,6189.39,318.38,905.4,3759.23,10,24,13,0.241,7,225.8,0
CUST_00937,1292.36,110.81,1971.26,8252.46,10,27,14,0.239,4,222.2,1
CUST_00938,3364.08,122.83,25268.19,1602.95,6,35,5,15.754,3,290.28,0
CUST_00939,8486.74,193.6,5878.14,12024.75,8,34,11,0.489,3,603.82,0
CUST_00940,7937.64,41.82,4444.49,2949.72,15,30,10,1.506,1,204.36,0
CUST_00941,4404.79,275.96,30155.67,9090.79,10,16,16,3.317,2,339.98,1
CUST_00942,8084.91,431.15,22295.23,4258.29,5,36,5,5.234,5,407.89,0
CUST_00943,5662.89,132.78,8263.13,5298.84,8,23,12,1.559,4,128.14,1
CUST_00944,10724.39,58.24,6407.84,3486.41,8,38,13,1.837,3,430.92,0
CUST_00945,4724.06,561.21,7290.44,5784.6,10,34,20,1.26,1,528.88,0
CUST_00946,2643.53,216.06,9717.95,33056.47,16,29,15,0.294,1,587.75,1
CUST_00947,4925.87,319.63,29144.98,21532.11,9,35,13,1.353,5,137.53,1
CUST_00948,260.46,63.0,11361.37,8967.01,7,35,9,1.267,2,144.43,0
CUST_00949,5138.91,63.18,14484.34,6493.13,9,33,15,2.23,2,287.71,1
CUST_00950,136.51,252.47,20648.87,13596.55,7,27,16,1.519,2,276.48,0
CUST_00951,771.92,412.42,3178.8,17334.86,15,35,5,0.183,5,302.94,1
CUST_00952,5467.58,73.45,14822.32,3276.9,7,24,16,4.522,2,232.84,0
CUST_00953,5595.83,167.09,6401.87,6211.62,5,23,6,1.03,3,340.39,1
CUST_00954,1278.97,50.92,1082.6,1409.99,5,32,17,0.767,3,50.01,0
CUST_00955,1918.13,103.42,1476.55,17233.95,10,36,11,0.086,4,473.74,1
CUST_00956,12500.04,147.58,3588.56,38379.19,12,23,10,0.094,4,837.42,0
CUST_00957,2355.18,268.02,12394.13,7101.56,5,26,10,1.745,2,202.93,0
CUST_00958,27409.04,33.63,8875.41,1089.79,5,38,12,8.137,4,344.35,0
CUST_00959,3634.66,521.3,9390.87,11131.75,11,43,13,0.844,4,969.2,0
CUST_00960,5256.56,158.15,38590.24,3076.43,7,27,14,12.54,3,305.95,0
CUST_00961,15602.51,510.56,2935.78,3774.99,3,29,9,0.777,5,370.11,0
CUST_00962,4096.65,317.02,7927.19,11300.36,13,35,9,0.701,6,1084.84,0
CUST_00963,1477.18,358.47,10337.66,8236.83,11,29,14,1.255,6,1243.27,0
CUST_00964,3298.57,912.54,4496.17,4381.33,7,33,18,1.026,2,142.23,0
CUST_00965,3526.11,97.0,8288.81,3819.35,9,34,12,2.17,8,224.07,0
CUST_00966,1066.07,202.02,2253.05,7383.19,7,26,15,0.305,5,558.64,1
CUST_00967,2892.14,82.06,25032.37,4684.22,10,30,8,5.343,3,423.26,0
CUST_00968,1866.89,167.04,4697.14,2584.14,9,36,13,1.817,2,489.91,0
CUST_00969,8365.92,322.49,41155.8,5000.64,6,26,9,8.228,3,47.7,0
CUST_00970,3756.15,446.69,7895.28,8854.26,7,32,12,0.892,3,76.12,0
CUST_00971,2822.8,133.51,18443.05,5702.23,11,29,9,3.234,1,1042.06,0
CUST_00972,3309.12,69.14,7764.81,1995.24,7,35,12,3.89,4,513.74,0
CUST_00973,4450.67,192.22,7906.22,15378.18,15,27,9,0.514,6,382.81,0
CUST_00974,6343.16,91.68,5078.53,646.78,12,30,10,7.84,4,125.26,0
CUST_00975,1480.68,114.17,8913.29,4539.58,9,32,14,1.963,6,223.52,1
CUST_00976,1425.92,310.25,10450.44,3916.02,8,27,9,2.668,4,445.3,0
CUST_00977,9840.0,267.34,4326.84,7524.74,10,34,12,0.575,3,113.5,0
CUST_00978,2512.16,353.32,7331.71,10693.73,14,26,15,0.686,2,182.42,0
CUST_00979,1017.23,138.41,4973.71,17287.69,5,29,9,0.288,4,388.69,0
CUST_00980,5428.57,406.34,51007.67,3620.82,9,29,18,14.083,3,451.61,0
CUST_00981,5524.97,183.37,7541.79,10922.66,17,33,13,0.69,3,207.24,0
CUST_00982,918.15,144.41,27894.53,7835.7,7,26,13,3.559,2,594.42,0
CUST_00983,4476.22,75.26,6929.22,1548.73,10,34,14,4.471,0,581.05,0
CUST_00984,7058.76,34.06,9970.94,33371.56,10,41,14,0.299,8,85.21,0
CUST_00985,5099.76,51.88,2815.54,1952.84,13,31,16,1.441,6,940.65,0
CUST_00986,6430.34,215.37,5666.59,9476.52,11,35,14,0.598,7,676.2,1
CUST_00987,1028.81,87.71,9589.54,9241.56,8,24,11,1.038,3,345.36,0
CUST_00988,4904.64,48.61,28819.37,8385.77,9,28,9,3.436,1,271.48,0
CUST_00989,2772.88,129.61,9677.76,4357.31,9,34,13,2.221,8,519.33,0
CUST_00990,2357.81,226.74,24513.43,13402.07,8,35,16,1.829,4,434.24,0
CUST_00991,7970.48,252.66,13528.9,1761.09,9,35,11,7.678,5,247.13,0
CUST_00992,13785.15,177.13,29789.79,6273.22,8,25,6,4.748,4,920.01,0
CUST_00993,18305.06,172.66,7729.24,4108.06,9,24,13,1.881,1,68.49,0
CUST_00994,11888.5,117.83,54840.17,3730.5,9,28,11,14.697,5,187.65,0
CUST_00995,3298.55,301.0,5495.49,9551.33,7,29,11,0.575,4,408.89,0
CUST_00996,5001.27,157.36,4388.89,16578.41,8,26,12,0.265,7,288.16,0
CUST_00997,7260.04,170.53,3077.76,4955.4,10,33,17,0.621,8,487.71,1
CUST_00998,4060.49,415.83,52303.56,12881.91,10,34,14,4.06,6,112.59,0
CUST_00999,4095.68,341.56,15608.3,6920.75,10,33,15,2.255,8,250.11,0
CUST_01000,7641.72,156.35,6202.47,3106.27,11,19,13,1.996,8,668.65,0
CUST_01001,3451.78,139.54,22009.25,5328.05,12,35,11,4.13,7,105.05,1
CUST_01002,1888.7,138.67,14046.85,5143.23,6,31,8,2.731,3,252.57,0
CUST_01003,2507.33,35.98,39061.87,3669.6,7,25,8,10.642,4,206.11,0
CUST_01004,6441.52,435.95,2348.97,9549.18,4,35,11,0.246,1,385.43,0
CUST_01005,3650.77,104.81,6553.22,8098.62,8,23,10,0.809,3,393.53,1
CUST_01006,4945.28,359.13,5596.98,1716.34,11,35,17,3.259,4,319.89,0
CUST_01007,6654.65,187.4,1670.79,1629.78,9,29,8,1.025,3,243.98,0
CUST_01008,2598.38,551.88,18925.43,9518.4,6,35,13,1.988,4,312.4,0
CUST_01009,7191.27,276.88,6526.87,3317.63,11,21,9,1.967,6,266.33,0
CUST_01010,5120.25,376.04,14642.81,8576.1,7,39,15,1.707,5,292.15,0
CUST_01011,1198.31,112.88,53520.37,12884.65,7,32,8,4.153,2,828.72,0
CUST_01012,13334.02,64.82,6108.31,2252.26,6,33,11,2.711,6,128.82,0
CUST_01013,2320.02,203.98,5785.31,1998.58,6,31,11,2.893,4,379.62,0
CUST_01014,820.91,39.11,8910.02,27536.48,10,38,11,0.324,1,154.55,0
CUST_01015,1421.49,124.67,17850.7,8944.87,7,27,13,1.995,6,1174.38,1
CUST_01016,1452.53,70.0,5149.37,4645.46,14,26,18,1.108,2,318.1,0
CUST_01017,3815.99,92.6,4891.38,2999.35,7,25,13,1.63,4,123.04,0
CUST_01018,2845.62,291.94,18877.98,4298.95,9,25,8,4.39,6,254.08,0
CUST_01019,2688.8,276.99,10969.91,2411.52,8,23,17,4.547,1,107.64,0
CUST_01020,6359.67,159.24,1578.48,14057.35,11,28,9,0.112,7,191.85,0
CUST_01021,4943.79,234.16,3040.22,3428.1,9,34,6,0.887,5,459.91,0
CUST_01022,4838.9,117.62,26929.8,16806.22,5,33,14,1.602,3,775.0,0
CUST_01023,5265.05,1263.11,11176.21,4719.53,6,29,8,2.368,7,636.82,1
CUST_01024,6339.28,230.6,4403.89,2732.99,11,29,16,1.611,2,277.71,0
CUST_01025,546.12,113.04,7070.4,4617.66,13,35,9,1.531,5,445.43,1
CUST_01026,2622.82,365.14,8189.35,712.98,10,28,14,11.47,6,526.34,0
CUST_01027,511.74,488.9,14597.22,5987.01,8,43,8,2.438,3,1443.48,0
CUST_01028,3761.05,97.58,2733.64,5741.06,9,17,10,0.476,3,195.82,1
CUST_01029,3625.8,58.27,4134.99,13373.51,6,27,19,0.309,5,859.69,0
CUST_01030,9329.9,68.28,10080.57,1334.94,6,34,12,7.546,2,139.15,0
CUST_01031,10602.77,106.06,7481.08,17811.27,10,29,11,0.42,4,682.63,0
CUST_01032,4369.91,173.57,12803.67,13326.49,11,32,10,0.961,5,193.55,0
CUST_01033,2320.82,49.24,3030.23,19230.2,8,31,14,0.158,1,185.19,0
CUST_01034,5634.39,129.72,10782.75,6343.51,7,24,13,1.7,3,244.87,0
CUST_01035,2263.97,153.49,19404.63,15706.22,11,22,10,1.235,5,173.61,0
CUST_01036,3636.39,235.07,11961.58,1899.68,8,30,13,6.293,3,402.72,0
CUST_01037,8844.25,295.72,9056.97,12162.23,14,32,13,0.745,1,705.27,0
CUST_01038,2203.95,249.94,7504.76,3444.42,10,35,15,2.178,3,68.16,0
CUST_01039,7518.42,760.32,4155.21,1629.96,3,26,12,2.548,5,264.48,0
CUST_01040,6698.65,434.98,7649.54,2551.61,10,40,18,2.997,5,139.69,1
CUST_01041,1541.77,216.5,22198.16,6665.51,7,33,12,3.33,4,563.16,0
CUST_01042,8747.34,83.4,7367.08,3292.31,4,33,11,2.237,2,807.77,1
CUST_01043,6827.47,105.59,3976.5,9133.12,5,21,12,0.435,7,264.48,1
CUST_01044,3990.75,57.8,5465.45,1426.53,7,37,12,3.829,5,182.67,0
CUST_01045,1833.37,204.93,9515.53,1087.86,8,28,12,8.739,3,96.48,1
CUST_01046,1680.28,236.3,6010.05,21301.43,7,29,12,0.282,5,1169.29,1
CUST_01047,2244.2,370.31,11947.09,14303.08,8,36,8,0.835,3,752.39,1
CUST_01048,5933.3,224.5,12311.33,2719.21,12,28,18,4.526,9,74.82,0
CUST_01049,1540.62,421.24,16501.17,6617.35,5,27,10,2.493,3,472.88,0
CUST_01050,5397.88,428.2,25307.28,15781.3,11,21,12,1.604,4,137.21,0
CUST_01051,1190.85,79.64,17974.1,9474.13,15,40,10,1.897,1,209.35,0
CUST_01052,3030.06,119.77,3837.62,7525.03,8,26,21,0.51,5,124.72,0
CUST_01053,4018.58,179.68,3933.06,16829.37,8,37,16,0.234,2,73.66,1
CUST_01054,32879.91,103.04,7626.49,3564.91,9,31,10,2.139,4,289.48,0
CUST_01055,1054.07,149.21,5648.02,6812.41,8,33,9,0.829,5,1126.41,0
CUST_01056,13695.37,230.67,3259.53,6534.35,7,32,12,0.499,3,156.3,0
CUST_01057,4166.61,164.27,5691.03,5261.4,12,33,11,1.081,7,557.76,0
CUST_01058,5271.42,181.32,5543.55,4763.15,15,31,14,1.164,7,622.54,0
CUST_01059,4050.17,85.28,4733.98,7058.15,9,30,13,0.671,5,495.33,1
CUST_01060,5433.04,271.82,6294.1,6831.14,10,34,16,0.921,4,1208.97,0
CUST_01061,3170.62,256.37,20801.09,2721.22,8,27,14,7.641,5,583.27,0
CUST_01062,13475.72,98.49,9503.26,13115.19,5,26,7,0.725,3,1057.07,0
CUST_01063,2414.33,64.42,58538.93,2893.07,5,35,12,20.227,7,133.89,0
CUST_01064,10087.08,485.02,9287.33,5511.0,7,37,12,1.685,1,503.58,0
CUST_01065,2038.7,734.02,6424.97,5161.65,7,35,20,1.245,6,860.6,0
CUST_01066,3448.77,218.71,8129.92,8994.68,11,33,10,0.904,4,174.09,0
CUST_01067,1387.47,135.73,9948.66,1095.28,10,20,11,9.075,4,26.04,0
CUST_01068,5483.62,418.64,11478.18,14147.22,10,32,14,0.811,3,123.08,1
CUST_01069,13367.92,264.09,42675.02,3731.47,12,36,9,11.433,3,179.95,0
CUST_01070,3396.09,153.15,4120.56,18712.91,9,30,13,0.22,3,442.67,0
CUST_01071,3049.71,393.26,16110.67,4418.52,8,24,15,3.645,4,201.04,0
CUST_01072,1335.21,94.85,9568.2,6364.45,15,34,8,1.503,4,299.52,0
CUST_01073,2962.05,104.31,2305.66,33749.41,8,36,15,0.068,4,195.78,1
CUST_01074,868.25,242.48,15011.31,5240.97,11,29,9,2.864,2,273.15,0
CUST_01075,1601.04,198.62,22339.21,19015.74,9,25,15,1.175,4,285.33,0
CUST_01076,4465.37,301.82,4081.66,6858.12,8,31,15,0.595,0,191.97,0
CUST_01077,11933.58,470.91,8045.38,9443.73,7,36,9,0.852,4,531.06,0
CUST_01078,45628.59,52.35,2037.98,7040.71,10,31,10,0.289,7,785.42,0
CUST_01079,2147.53,187.01,2960.03,13638.8,5,22,9,0.217,4,133.73,0
CUST_01080,13250.23,829.53,18740.15,3704.48,11,33,12,5.057,6,347.97,1
CUST_01081,4534.08,112.48,5579.57,2874.28,4,33,19,1.941,4,109.87,1
CUST_01082,3177.59,102.33,3337.43,3855.32,10,34,12,0.865,3,87.63,0
CUST_01083,5374.04,30.18,9735.83,7221.04,6,25,12,1.348,6,617.44,0
CUST_01084,3849.6,196.64,5335.14,5498.9,11,29,18,0.97,3,1218.27,1
CUST_01085,4021.28,288.44,5559.94,12133.6,9,36,14,0.458,7,237.49,0
CUST_01086,2521.22,287.97,14639.24,20110.99,9,32,15,0.728,1,1078.48,0
CUST_01087,1034.53,79.07,3199.06,2894.41,7,30,11,1.105,2,189.85,0
CUST_01088,907.54,180.01,3927.3,3555.12,7,26,9,1.104,2,253.63,0
CUST_01089,6554.59,216.42,9166.07,1957.06,9,17,15,4.681,2,960.46,1
CUST_01090,2838.33,188.99,17597.78,37265.27,10,32,15,0.472,7,157.77,0
CUST_01091,2129.24,75.5,21818.82,8595.28,4,31,5,2.538,2,567.75,0
CUST_01092,3668.93,192.84,4759.75,9974.95,17,36,11,0.477,4,234.21,1
CUST_01093,7446.05,94.48,17152.54,2123.5,8,27,10,8.074,7,180.46,0
CUST_01094,4282.65,40.55,4327.24,6627.65,17,32,12,0.653,5,209.31,0
CUST_01095,2017.37,312.64,34925.32,10227.76,9,28,9,3.414,3,65.51,0
CUST_01096,10978.17,202.76,3271.43,5351.63,4,24,9,0.611,6,722.53,1
CUST_01097,15082.15,291.06,23453.69,16553.45,6,29,9,1.417,4,350.17,0
CUST_01098,5682.24,118.21,4792.52,47337.42,9,33,16,0.101,3,269.45,0
CUST_01099,8745.52,299.24,40562.41,2966.08,6,33,12,13.671,3,184.0,0
CUST_01100,11134.06,410.63,13004.58,2782.84,10,32,6,4.671,4,371.76,0
CUST_01101,10067.72,737.44,3594.6,3146.06,11,32,8,1.142,5,554.69,0
CUST_01102,6327.68,347.61,5335.88,25984.86,9,26,4,0.205,6,246.61,0
CUST_01103,6238.61,246.62,15137.72,16090.78,9,29,9,0.941,3,586.7,0
CUST_01104,5812.08,60.1,18809.47,5912.37,10,24,11,3.181,5,362.34,0
CUST_01105,1356.14,166.46,7657.4,6843.64,7,30,8,1.119,4,279.96,0
CUST_01106,6840.74,58.08,8397.81,3314.09,11,29,9,2.533,4,566.03,1
CUST_01107,1074.67,94.15,14863.78,14136.61,5,36,13,1.051,7,209.44,0
CUST_01108,1780.88,866.14,9004.13,4803.42,8,38,13,1.874,3,124.45,0
CUST_01109,11768.82,79.96,2878.99,5318.44,11,34,7,0.541,2,287.96,0
CUST_01110,7755.81,27.82,4228.58,11130.8,7,39,9,0.38,4,306.34,0
CUST_01111,13886.31,347.42,9780.01,5654.48,10,28,16,1.729,7,255.79,0
CUST_01112,2851.19,105.8,21426.55,5433.17,8,27,16,3.943,2,687.41,0
CUST_01113,1290.75,335.09,29518.9,6694.15,4,30,11,4.409,4,424.26,0
CUST_01114,2932.49,71.09,15117.73,13043.59,15,34,12,1.159,0,275.74,0
CUST_01115,3991.12,128.93,10196.83,26890.25,9,22,10,0.379,2,297.72,0
CUST_01116,3909.21,471.87,14750.78,10912.49,7,33,9,1.352,7,316.22,0
CUST_01117,10100.22,62.95,4753.32,13132.13,8,27,8,0.362,7,431.92,0
CUST_01118,2630.31,158.32,7168.24,5597.77,5,33,14,1.28,8,310.06,0
CUST_01119,4998.19,228.84,4191.0,3635.03,10,39,7,1.153,3,268.24,0
CUST_01120,1495.53,101.96,2983.96,11566.73,9,25,14,0.258,7,117.46,0
CUST_01121,5460.44,219.99,10581.25,7673.7,12,32,13,1.379,2,181.84,0
CUST_01122,3651.15,183.56,9399.49,1979.83,8,30,13,4.745,4,362.82,0
CUST_01123,1854.12,278.0,14046.41,5019.78,12,23,9,2.798,5,340.9,0
CUST_01124,2944.67,791.36,12542.64,6182.87,14,28,18,2.028,7,105.66,0
CUST_01125,3084.8,1540.97,9839.06,4298.88,7,27,9,2.288,1,201.68,0
CUST_01126,2855.09,262.61,12648.49,23376.24,10,29,17,0.541,2,155.89,1
CUST_01127,17929.58,165.95,7831.06,9975.26,6,28,15,0.785,4,776.85,0
CUST_01128,3332.24,257.94,11274.66,21315.69,8,27,10,0.529,5,356.31,0
CUST_01129,2923.37,150.54,4532.75,8299.18,11,35,19,0.546,4,403.93,0
CUST_01130,551.31,50.91,10891.79,7109.45,6,36,12,1.532,4,285.23,0
CUST_01131,1628.17,174.64,13831.92,2992.58,9,22,11,4.621,2,192.78,1
CUST_01132,2873.35,430.82,4742.19,6701.86,8,33,10,0.707,8,218.81,0
CUST_01133,1963.99,56.16,8446.15,6708.27,11,34,6,1.259,2,421.96,0
CUST_01134,12626.3,82.46,4920.27,2075.49,12,28,14,2.37,5,249.12,0
CUST_01135,3138.67,113.8,5317.69,4193.96,15,36,13,1.268,2,425.03,0
CUST_01136,11609.74,244.17,3294.65,5040.24,4,23,11,0.654,2,330.33,0
CUST_01137,3848.87,1213.91,22306.2,9428.17,12,30,12,2.366,5,367.56,0
CUST_01138,3765.01,94.87,19006.72,9819.72,7,27,13,1.935,2,380.92,0
CUST_01139,3361.3,194.99,12455.87,4047.6,11,28,9,3.077,4,206.79,0
CUST_01140,3653.41,182.11,39251.96,9882.68,7,20,13,3.971,5,240.41,0
CUST_01141,17101.4,142.45,6964.66,5682.99,13,32,7,1.225,3,564.64,1
CUST_01142,451.4,174.48,91620.46,578.72,12,17,13,158.042,4,1073.26,0
CUST_01143,601.01,124.99,6754.58,4394.04,10,31,9,1.537,4,568.27,0
CUST_01144,2233.1,1626.82,9938.33,16599.71,8,25,13,0.599,3,42.43,0
CUST_01145,3688.87,330.21,5894.52,1588.37,8,39,12,3.709,2,175.81,0
CUST_01146,6775.67,125.85,10914.64,7301.15,9,31,12,1.495,5,323.86,0
CUST_01147,5573.5,467.25,15811.49,25526.49,3,27,11,0.619,5,138.55,0
CUST_01148,2576.48,222.59,7397.27,3475.45,10,23,11,2.128,1,134.08,1
CUST_01149,9110.1,189.87,33569.59,6646.37,11,37,10,5.05,2,222.94,0
CUST_01150,9202.0,156.71,9811.59,2189.85,9,29,21,4.478,8,380.59,0
CUST_01151,4296.91,148.41,10060.66,26453.57,10,29,11,0.38,5,460.48,1
CUST_01152,8659.32,68.31,3915.91,6180.58,8,34,10,0.633,6,231.1,1
CUST_01153,4653.53,47.52,11325.35,6902.46,5,33,17,1.641,3,219.01,0
CUST_01154,2196.6,243.86,7279.21,20976.44,11,27,14,0.347,5,165.57,0
CUST_01155,6822.87,155.45,4981.11,11640.63,9,36,14,0.428,2,426.23,0
CUST_01156,4022.07,365.75,4353.87,3151.76,6,34,12,1.381,7,406.64,0
CUST_01157,3645.34,88.95,68693.56,3826.91,13,34,17,17.945,3,563.93,0
CUST_01158,13706.95,75.31,6563.1,10104.05,6,27,7,0.649,6,327.28,0
CUST_01159,401.1,337.29,2526.05,3902.99,3,29,9,0.647,3,119.36,0
CUST_01160,1016.46,143.13,4635.15,1097.01,4,25,9,4.221,2,234.11,1
CUST_01161,1250.92,359.45,7775.6,6340.71,11,26,16,1.226,7,544.49,1
CUST_01162,2625.6,186.19,12548.21,1885.26,12,24,6,6.652,3,88.69,0
CUST_01163,2895.33,814.05,12630.09,26208.51,8,31,11,0.482,3,281.64,1
CUST_01164,937.68,331.82,13922.92,7709.97,14,48,12,1.806,4,364.89,0
CUST_01165,1500.21,251.59,4837.3,3073.59,11,24,15,1.573,8,1215.1,0
CUST_01166,1677.81,343.76,10639.75,3663.46,10,30,21,2.904,4,196.22,0
CUST_01167,33245.73,145.72,4020.46,1331.43,6,29,13,3.017,8,274.47,0
CUST_01168,18426.92,48.7,4935.88,2605.7,9,32,8,1.894,4,973.91,1
CUST_01169,2513.49,241.95,3888.71,15738.65,8,35,8,0.247,4,197.98,0
CUST_01170,2624.84,856.86,3131.57,44223.79,11,27,13,0.071,1,634.16,0
CUST_01171,1294.29,29.01,18984.3,12301.01,14,37,19,1.543,6,393.41,0
CUST_01172,653.72,263.83,14057.19,6134.99,10,29,3,2.291,2,256.03,1
CUST_01173,3277.41,53.08,17700.22,4595.51,10,23,10,3.851,4,409.99,0
CUST_01174,1483.16,177.92,8361.98,2942.39,11,33,20,2.841,1,269.55,0
CUST_01175,3373.26,193.17,15084.85,38208.03,4,22,15,0.395,3,1451.67,1
CUST_01176,862.48,329.47,1980.23,5650.86,7,37,13,0.35,3,70.39,0
CUST_01177,1833.94,214.46,16162.84,40066.08,12,30,13,0.403,1,245.25,0
CUST_01178,4162.06,543.93,9336.59,21687.51,11,21,9,0.43,4,250.33,0
CUST_01179,5062.36,460.87,13382.29,1510.69,11,24,13,8.853,2,272.11,0
CUST_01180,5301.39,154.88,10982.06,3766.65,8,28,17,2.915,2,636.7,0
CUST_01181,1109.38,435.07,3678.85,3756.76,13,24,15,0.979,3,218.56,1
CUST_01182,7857.45,141.14,2444.43,6198.92,7,28,14,0.394,3,421.76,0
CUST_01183,1771.9,122.99,4584.13,6302.7,10,32,9,0.727,7,351.44,1
CUST_01184,6435.42,69.16,12732.76,84694.27,9,38,5,0.15,6,537.5,1
CUST_01185,3606.26,517.79,14073.84,2655.42,7,31,12,5.298,2,271.5,0
CUST_01186,1054.95,142.59,2712.55,8059.64,7,29,16,0.337,2,374.48,0
CUST_01187,2739.2,26.12,3696.42,11204.06,8,34,15,0.33,5,274.13,0
CUST_01188,5058.51,279.68,4543.31,6625.39,8,25,11,0.686,1,149.87,0
CUST_01189,6321.23,128.1,6088.49,7285.59,11,38,5,0.836,6,915.37,1
CUST_01190,3207.06,142.75,2725.37,2729.61,6,25,14,0.998,7,175.3,0
CUST_01191,14452.19,150.32,2597.64,7262.75,10,35,17,0.358,5,213.8,1
CUST_01192,9016.03,138.48,4198.71,10246.48,11,27,9,0.41,8,164.06,1
CUST_01193,2890.0,1607.14,8681.96,8764.46,16,22,5,0.99,3,396.0,0
CUST_01194,7151.73,685.51,3151.16,10771.63,11,29,9,0.293,1,213.85,0
CUST_01195,20752.34,317.14,7386.12,22042.26,7,29,8,0.335,2,863.22,0
CUST_01196,21256.89,219.88,18898.58,14712.04,9,29,15,1.284,5,434.31,0
CUST_01197,1205.68,447.2,2860.0,7048.71,8,27,13,0.406,8,246.22,0
CUST_01198,1581.49,220.29,6869.48,2450.4,8,33,9,2.802,2,158.09,0
CUST_01199,13855.35,348.17,18394.47,3983.82,9,31,17,4.616,3,276.58,0
CUST_01200,1404.66,283.32,5798.68,5504.46,8,32,12,1.053,1,430.1,0
CUST_01201,1107.34,200.87,5120.79,8221.38,7,32,14,0.623,4,289.42,0
CUST_01202,2350.6,384.62,20553.71,4417.89,6,22,12,4.651,6,270.9,1
CUST_01203,5314.55,129.52,6342.56,2994.78,9,25,7,2.117,2,146.3,0
CUST_01204,3320.41,189.95,19606.1,2416.39,6,26,8,8.11,5,1436.84,0
CUST_01205,2027.37,82.8,11420.58,1630.27,7,30,20,7.001,5,259.62,0
CUST_01206,1984.67,90.81,6159.34,5433.25,11,34,8,1.133,0,114.19,1
CUST_01207,1917.73,23.97,11893.56,1902.23,7,27,9,6.249,4,140.82,0
CUST_01208,1649.85,261.19,10470.95,2834.31,5,24,13,3.693,3,234.89,0
CUST_01209,28380.84,325.45,18337.55,4746.6,9,25,11,3.862,3,1166.01,0
CUST_01210,4758.84,431.96,5225.59,2131.26,11,33,16,2.451,1,265.26,1
CUST_01211,8087.57,75.04,8374.65,9161.72,14,29,13,0.914,1,229.9,1
CUST_01212,2344.51,257.73,7713.96,12446.44,10,33,7,0.62,2,539.85,0
CUST_01213,3079.86,181.17,14233.0,4158.82,12,35,19,3.422,4,568.15,0
CUST_01214,1915.63,327.03,3568.34,4575.75,9,34,10,0.78,6,474.07,0
CUST_01215,334.78,107.65,18280.34,10475.72,5,28,13,1.745,2,343.75,0
CUST_01216,1053.41,138.51,11767.1,3615.93,9,27,11,3.253,0,137.96,0
CUST_01217,713.69,52.31,2825.55,3410.71,13,25,11,0.828,10,176.67,0
CUST_01218,480.68,102.15,21303.15,18343.37,8,28,16,1.161,3,98.14,0
CUST_01219,1241.63,181.72,48400.94,14066.62,9,21,17,3.441,3,255.5,0
CUST_01220,11997.58,208.37,18060.22,11062.51,7,25,12,1.632,6,222.01,1
CUST_01221,3498.21,47.05,25376.73,14571.14,9,25,15,1.741,10,206.46,0
CUST_01222,11631.91,120.4,8675.84,1235.6,9,25,19,7.016,6,363.39,1
CUST_01223,5270.52,206.08,2144.79,20968.16,12,25,10,0.102,5,188.66,0
CUST_01224,7363.59,559.16,1853.26,9258.09,11,32,9,0.2,7,235.49,1
CUST_01225,1618.4,92.2,9937.45,15664.69,9,33,11,0.634,3,212.63,0
CUST_01226,5834.57,268.29,5046.33,9219.61,7,25,6,0.547,1,292.28,0
CUST_01227,7015.26,115.67,3898.47,6915.95,11,30,10,0.564,5,385.77,0
CUST_01228,2166.82,126.9,7706.37,5250.02,9,30,9,1.468,1,116.61,0
CUST_01229,6024.48,89.83,13259.48,9064.06,7,18,14,1.463,3,410.45,0
CUST_01230,6060.63,78.61,2534.61,5089.9,6,29,6,0.498,1,359.59,0
CUST_01231,2220.31,123.99,5658.41,13872.93,4,29,12,0.408,5,400.63,0
CUST_01232,1325.45,419.23,27116.47,1722.47,10,31,11,15.734,5,328.08,1
CUST_01233,1254.24,99.09,3428.13,4186.67,6,21,12,0.819,2,384.94,0
CUST_01234,3935.74,87.48,16249.36,37725.81,13,34,9,0.431,1,223.42,0
CUST_01235,4886.88,214.28,5498.42,3896.49,9,32,10,1.411,4,407.63,1
CUST_01236,1784.2,182.03,12539.45,5416.03,8,29,14,2.315,5,665.94,0
CUST_01237,3729.12,171.64,19494.0,3133.19,8,32,13,6.22,3,211.29,0
CUST_01238,6084.4,222.11,14662.16,8826.1,7,19,17,1.661,4,216.73,0
CUST_01239,6351.03,80.83,16769.68,3548.13,5,25,10,4.725,6,464.68,0
CUST_01240,14716.02,88.31,3225.12,5665.95,12,38,13,0.569,1,202.79,0
CUST_01241,11490.58,399.02,19750.38,13650.57,6,27,8,1.447,6,180.64,0
CUST_01242,1478.58,161.3,4096.32,3663.05,17,31,8,1.118,6,401.63,0
CUST_01243,16567.99,292.12,9972.97,12969.03,9,30,5,0.769,8,221.11,0
CUST_01244,2257.74,482.62,9962.64,13344.97,6,32,11,0.746,6,702.91,0
CUST_01245,9324.36,356.59,11945.36,16264.05,13,31,17,0.734,3,215.65,1
CUST_01246,3870.69,60.59,10610.14,7476.05,6,31,25,1.419,3,168.45,1
CUST_01247,2512.58,165.14,4125.54,104304.54,9,41,15,0.04,2,297.87,1
CUST_01248,715.57,416.82,2752.06,16258.22,7,28,9,0.169,0,405.37,0
CUST_01249,3120.01,275.39,16283.03,8744.2,7,31,7,1.862,8,373.99,0
CUST_01250,894.76,210.01,9401.91,3150.97,10,34,5,2.983,6,435.82,0
CUST_01251,8695.57,48.83,20322.86,6108.89,9,30,6,3.326,7,202.92,0
CUST_01252,14258.57,110.7,7818.23,22300.8,9,40,14,0.351,5,661.72,0
CUST_01253,1777.17,191.61,2632.97,28370.48,12,24,13,0.093,3,93.81,0
CUST_01254,4777.98,57.93,17551.66,23308.65,6,29,12,0.753,4,173.02,1
CUST_01255,1895.33,342.03,6025.19,12931.4,11,30,14,0.466,4,307.0,1
CUST_01256,2068.05,165.0,10653.06,2281.73,9,34,12,4.667,6,183.46,0
CUST_01257,7310.34,37.2,4827.25,10037.54,9,23,16,0.481,3,240.62,1
CUST_01258,3516.83,115.2,30195.29,2309.55,7,27,11,13.068,0,150.33,0
CUST_01259,17425.38,144.16,4018.84,1873.66,11,37,12,2.144,4,258.34,0
CUST_01260,2358.99,163.38,6186.08,8129.75,11,31,6,0.761,7,413.29,0
CUST_01261,8949.95,564.36,8830.43,10349.77,7,37,12,0.853,7,205.43,0
CUST_01262,3974.57,287.94,3382.11,14297.94,6,22,16,0.237,7,161.54,0
CUST_01263,7451.72,60.8,10555.64,10123.0,10,31,10,1.043,3,216.45,0
CUST_01264,2434.65,55.06,29422.89,10423.81,9,33,11,2.822,1,647.23,0
CUST_01265,3482.12,146.43,5473.26,2872.81,10,37,9,1.905,2,643.49,0
CUST_01266,3281.48,200.53,11115.71,6067.91,9,27,14,1.832,6,213.86,0
CUST_01267,1715.65,400.98,898.25,1842.63,7,21,22,0.487,5,426.58,1
CUST_01268,6606.92,723.37,7854.62,1208.5,7,29,7,6.494,3,295.06,0
CUST_01269,6536.94,755.5,6307.95,12450.88,10,20,7,0.507,3,734.24,0
CUST_01270,6211.76,127.25,4209.93,3497.64,16,33,13,1.203,2,341.76,0
CUST_01271,14519.81,382.85,19247.96,13927.54,11,31,15,1.382,2,259.54,0
CUST_01272,13418.78,254.81,6241.68,17019.17,7,18,13,0.367,8,915.91,1
CUST_01273,2598.14,75.74,7030.53,3918.95,7,38,9,1.794,4,156.54,1
CUST_01274,5093.64,40.03,5992.39,10957.34,8,28,22,0.547,2,373.7,0
CUST_01275,2077.17,203.42,1748.56,3782.03,13,37,11,0.462,2,777.63,0
CUST_01276,3718.29,54.81,3276.11,1381.61,8,28,21,2.37,3,476.43,1
CUST_01277,2122.24,91.73,17481.09,7367.35,12,25,11,2.372,5,175.21,0
CUST_01278,15647.45,104.81,1498.23,4445.99,9,29,8,0.337,7,168.74,1
CUST_01279,5050.93,215.94,4389.4,4563.86,10,35,9,0.962,4,111.5,0
CUST_01280,2992.23,504.97,5885.36,35562.31,10,29,9,0.165,2,843.91,1
CUST_01281,10660.03,183.13,32692.39,1813.51,10,26,8,18.017,4,135.23,0
CUST_01282,516.18,117.79,14986.17,9186.04,12,33,9,1.631,2,492.44,0
CUST_01283,594.25,34.65,5188.83,2848.12,8,31,14,1.821,1,110.11,1
CUST_01284,7452.13,261.57,23008.32,14357.42,10,38,4,1.602,4,1789.99,0
CUST_01285,3844.59,185.46,4480.94,8549.83,8,34,13,0.524,4,115.93,1
CUST_01286,4561.48,116.78,18165.51,9158.55,9,29,16,1.983,4,307.9,0
CUST_01287,1103.5,460.76,2732.3,2971.56,5,22,18,0.919,4,698.16,0
CUST_01288,3565.61,69.92,19122.22,3460.78,11,31,8,5.524,6,182.7,1
CUST_01289,22096.15,104.8,5855.24,14591.04,13,38,9,0.401,6,443.47,0
CUST_01290,7644.79,149.0,3558.86,29886.98,11,25,17,0.119,3,245.36,0
CUST_01291,4241.77,115.61,6810.94,9979.23,8,33,8,0.682,2,392.19,0
CUST_01292,2452.47,281.63,10116.02,3093.91,11,33,13,3.269,4,636.85,0
CUST_01293,2552.64,262.73,5454.53,8849.34,8,24,14,0.616,3,221.44,0
CUST_01294,535.78,420.22,12621.57,52226.81,7,37,14,0.242,4,852.21,0
CUST_01295,4591.11,270.93,5082.74,7237.7,12,36,11,0.702,3,382.49,0
CUST_01296,7792.64,165.29,13310.36,22984.26,6,30,20,0.579,6,1169.03,0
CUST_01297,881.78,138.12,11542.34,3535.89,4,22,14,3.263,3,166.94,0
CUST_01298,2007.66,260.92,7717.62,6401.11,10,30,3,1.205,3,190.67,0
CUST_01299,1284.7,155.67,5692.44,11233.22,11,20,13,0.507,1,254.02,0
CUST_01300,1527.19,188.25,9147.47,9299.62,14,32,15,0.984,2,127.89,0
CUST_01301,3820.49,272.53,12584.27,3458.43,13,23,9,3.638,2,571.42,0
CUST_01302,557.82,202.52,42168.94,3333.94,9,34,10,12.645,3,283.41,0
CUST_01303,6328.66,232.03,17180.6,15367.99,6,29,12,1.118,5,133.98,1
CUST_01304,7175.8,96.28,17690.66,18266.39,13,27,16,0.968,3,168.01,1
CUST_01305,2904.47,533.66,95875.88,23988.31,12,33,12,3.997,6,162.56,0
CUST_01306,390.47,74.79,12243.7,30740.64,14,23,9,0.398,3,570.53,1
CUST_01307,1485.08,257.59,11940.78,7438.52,5,38,6,1.605,3,411.59,0
CUST_01308,11043.66,122.89,14231.49,5092.28,8,32,19,2.794,2,272.38,0
CUST_01309,298.81,430.9,3614.93,20917.52,10,26,10,0.173,6,231.43,0
CUST_01310,2663.05,367.6,5680.98,12162.45,8,29,14,0.467,6,252.87,0
CUST_01311,1258.91,180.98,5404.92,2878.18,13,28,9,1.877,9,1039.8,0
CUST_01312,7510.92,628.78,13603.62,2755.65,5,33,9,4.935,5,253.73,0
CUST_01313,1983.06,156.04,7049.14,10078.31,10,29,10,0.699,7,544.73,0
CUST_01314,5237.29,367.0,9050.53,5706.25,8,18,13,1.586,3,237.34,0
CUST_01315,6056.66,101.39,19340.64,6486.86,8,35,8,2.981,5,970.44,0
CUST_01316,19007.77,250.63,16163.66,16508.87,13,39,13,0.979,3,127.3,0
CUST_01317,3033.14,85.97,7119.72,12647.08,14,35,13,0.563,0,525.8,0
CUST_01318,5107.37,184.12,4741.0,20545.4,8,32,14,0.231,6,175.64,0
CUST_01319,956.66,173.97,20094.87,1284.59,10,32,11,15.631,7,1407.13,0
CUST_01320,10629.33,366.08,15049.69,8228.74,10,23,13,1.829,3,486.94,0
CUST_01321,1836.36,106.0,2241.71,11973.91,9,31,17,0.187,4,90.68,0
CUST_01322,2198.04,2118.96,6307.39,1812.39,6,36,8,3.478,5,155.71,0
CUST_01323,3568.77,60.0,9250.31,3802.21,9,29,20,2.432,4,482.8,0
CUST_01324,891.94,218.41,15109.27,3247.33,12,28,10,4.651,3,473.64,0
CUST_01325,4473.35,228.2,16782.32,6757.74,13,34,12,2.483,4,449.52,1
CUST_01326,8696.88,278.79,10169.26,26467.58,11,37,13,0.384,2,333.49,0
CUST_01327,4739.28,120.02,12941.55,37019.53,11,21,12,0.35,4,239.07,0
CUST_01328,871.31,219.95,8529.7,3320.45,9,27,13,2.568,3,639.52,1
CUST_01329,3257.03,115.4,4726.4,10379.35,7,32,11,0.455,8,163.22,0
CUST_01330,7099.83,811.2,6574.73,10667.73,5,20,15,0.616,1,310.26,0
CUST_01331,671.7,109.06,8227.13,9223.24,5,26,12,0.892,4,193.62,0
CUST_01332,1383.97,161.03,7881.37,9312.68,11,32,10,0.846,4,183.1,0
CUST_01333,8013.55,106.63,1792.81,8588.52,4,25,10,0.209,2,216.74,0
CUST_01334,4642.86,95.56,5895.91,27845.72,11,32,12,0.212,2,178.63,1
CUST_01335,5275.21,59.09,8475.75,16934.3,8,27,10,0.5,0,439.13,0
CUST_01336,19410.03,310.34,6469.82,2694.23,9,33,7,2.4,5,106.35,0
CUST_01337,5550.8,105.82,6651.12,13047.64,12,28,9,0.51,4,404.12,0
CUST_01338,6582.03,95.8,11972.8,14164.83,7,27,18,0.845,4,191.72,1
CUST_01339,41759.03,83.89,3418.08,8670.85,8,27,14,0.394,5,305.29,0
CUST_01340,3003.63,231.25,2202.98,17356.3,10,27,13,0.127,7,265.92,0
CUST_01341,1775.62,184.44,6133.15,7784.29,9,31,14,0.788,2,210.72,0
CUST_01342,5350.88,185.12,14932.44,7866.73,10,32,16,1.898,4,698.68,0
CUST_01343,5405.07,98.58,31258.37,7354.4,4,26,12,4.25,4,230.53,0
CUST_01344,2266.42,256.77,15149.19,1193.32,8,26,13,12.684,2,489.04,0
CUST_01345,1437.76,106.71,2503.36,6196.01,8,31,14,0.404,4,493.47,1
CUST_01346,29110.67,191.74,6728.49,3759.3,11,35,10,1.789,2,246.95,0
CUST_01347,4886.15,162.1,9949.8,2419.99,10,26,12,4.11,3,123.9,1
CUST_01348,1883.61,46.96,9340.11,22447.07,3,32,14,0.416,1,161.18,0
CUST_01349,8302.71,918.76,12474.52,10184.03,6,33,14,1.225,2,731.55,0
CUST_01350,3300.3,287.1,3890.76,6468.14,7,29,11,0.601,4,421.91,1
CUST_01351,2899.83,209.38,8535.2,4104.82,8,25,9,2.079,2,329.38,1
CUST_01352,6039.31,237.56,11341.89,8533.41,8,32,15,1.329,5,200.95,0
CUST_01353,1138.32,936.23,15686.2,15409.21,9,26,11,1.018,5,1004.53,0
CUST_01354,5000.86,450.11,4253.19,3284.86,9,38,12,1.294,4,162.77,0
CUST_01355,20366.76,239.61,6147.95,6607.07,10,42,17,0.93,2,329.57,0
CUST_01356,5538.95,102.86,931.64,13875.17,6,34,21,0.067,3,424.65,1
CUST_01357,2595.17,116.7,4928.7,1279.72,9,27,9,3.848,9,119.82,0
CUST_01358,2306.77,42.84,5326.6,6317.42,11,26,13,0.843,5,175.75,0
CUST_01359,2516.68,135.01,3584.35,4605.94,7,25,11,0.778,3,216.96,0
CUST_01360,2897.01,307.81,9251.03,5920.91,11,24,9,1.562,4,546.39,0
CUST_01361,2591.45,300.94,7748.42,4331.27,10,22,12,1.789,8,219.97,1
CUST_01362,8305.56,296.76,1329.59,7457.54,13,19,13,0.178,2,109.36,0
CUST_01363,765.18,120.03,9627.76,34032.91,10,29,16,0.283,1,102.25,0
CUST_01364,7909.34,281.7,3855.83,5037.5,6,31,17,0.765,7,174.71,0
CUST_01365,2587.07,350.5,11950.77,8501.13,12,27,18,1.406,3,105.31,0
CUST_01366,5111.52,30.52,2905.96,36153.7,13,36,11,0.08,3,511.86,1
CUST_01367,1320.43,231.26,8299.95,4156.74,8,35,13,1.996,6,526.1,0
CUST_01368,12037.33,957.99,6460.55,31022.69,9,26,16,0.208,5,300.35,0
CUST_01369,11170.94,143.57,10326.63,6664.33,13,28,16,1.549,9,248.59,0
CUST_01370,8635.45,24.11,8953.12,30170.26,11,41,11,0.297,2,502.26,1
CUST_01371,931.43,94.62,6606.89,12552.45,6,22,16,0.526,4,487.91,0
CUST_01372,7678.73,42.45,2370.8,8613.12,11,35,11,0.275,2,149.8,0
CUST_01373,5241.53,109.13,2485.51,6274.28,7,36,16,0.396,2,165.02,0
CUST_01374,858.56,68.08,5079.11,3903.25,3,33,11,1.301,4,490.09,0
CUST_01375,3562.2,381.72,8049.59,7075.71,6,31,6,1.137,2,361.18,0
CUST_01376,5054.74,337.92,4981.08,14225.01,7,37,15,0.35,2,457.49,0
CUST_01377,6005.72,238.5,13361.99,6560.72,13,31,9,2.036,6,159.85,1
CUST_01378,4270.71,483.47,6480.96,5068.86,7,28,12,1.278,1,176.59,0
CUST_01379,4732.02,115.32,3744.3,5360.62,8,25,12,0.698,2,413.53,0
CUST_01380,13715.07,192.26,6486.79,15422.84,11,33,18,0.421,5,185.42,0
CUST_01381,10975.61,1048.93,9707.83,18795.77,9,28,17,0.516,3,103.14,0
CUST_01382,275.79,289.52,10508.16,3762.81,11,43,14,2.792,3,187.4,0
CUST_01383,2736.15,288.95,36413.81,3758.22,14,40,12,9.687,5,258.89,0
CUST_01384,3139.49,98.1,4745.12,9158.66,8,26,17,0.518,5,983.33,1
CUST_01385,752.28,129.9,7640.49,24304.15,6,37,11,0.314,5,166.18,0
CUST_01386,3963.03,81.26,11394.65,17572.52,10,33,12,0.648,4,286.24,1
CUST_01387,11202.39,695.57,7952.66,2289.13,11,28,12,3.473,4,1248.94,0
CUST_01388,1369.35,52.11,5428.97,5300.39,8,41,11,1.024,2,139.02,0
CUST_01389,4928.36,376.65,2346.3,3007.87,11,24,13,0.78,3,474.54,1
CUST_01390,1596.8,288.56,5384.78,5284.93,7,23,10,1.019,6,181.69,1
CUST_01391,1988.79,50.27,3432.48,25945.37,5,29,14,0.132,3,395.91,0
CUST_01392,13761.83,452.11,2035.94,1979.88,9,28,15,1.028,3,1531.88,0
CUST_01393,2234.33,147.38,4287.49,1675.66,7,29,11,2.557,1,520.13,0
CUST_01394,5519.22,63.01,3506.34,3280.43,6,38,7,1.069,1,332.39,0
CUST_01395,675.8,242.64,12926.43,8469.39,12,39,13,1.526,2,153.58,0
CUST_01396,19459.41,93.88,13106.63,11244.58,4,28,6,1.165,8,264.33,0
CUST_01397,6262.83,153.86,3931.97,9622.23,6,26,9,0.409,6,201.19,0
CUST_01398,3089.46,120.95,6580.18,18021.71,9,28,10,0.365,5,108.27,0
CUST_01399,6111.89,89.72,1832.44,1482.34,7,30,12,1.235,1,67.34,0
CUST_01400,1023.68,70.05,5456.31,18216.55,6,30,15,0.3,3,167.11,0
CUST_01401,10554.18,342.91,11149.9,5088.4,13,28,14,2.191,3,292.34,0
CUST_01402,2720.07,235.07,15677.01,12354.43,14,37,10,1.269,4,654.27,1
CUST_01403,3030.06,223.3,4580.49,2154.01,7,34,20,2.126,3,178.26,0
CUST_01404,2339.07,135.45,18797.59,6662.25,9,32,14,2.821,3,341.77,0
CUST_01405,2159.03,188.87,2410.16,8109.81,15,32,18,0.297,1,90.85,0
CUST_01406,6803.58,100.6,2986.62,17718.92,6,23,11,0.169,4,170.67,0
CUST_01407,4583.95,99.22,14295.92,1724.23,6,29,14,8.286,3,53.89,0
CUST_01408,6545.76,712.08,30850.15,6809.95,10,37,12,4.529,3,1427.8,0
CUST_01409,3612.25,367.83,12025.03,2637.4,12,27,17,4.558,3,343.3,0
CUST_01410,5778.39,115.68,7845.74,10195.19,8,35,7,0.769,3,335.79,0
CUST_01411,2497.48,54.77,1399.48,12844.03,8,29,12,0.109,7,434.7,0
CUST_01412,27085.63,46.49,1606.87,19813.02,6,34,14,0.081,4,1759.26,0
CUST_01413,887.9,109.14,8986.94,4210.03,11,30,7,2.134,3,220.37,1
CUST_01414,11325.86,197.58,6084.8,14590.74,10,28,17,0.417,7,150.42,1
CUST_01415,12470.44,199.28,3345.37,21094.47,11,26,17,0.159,6,1212.12,0
CUST_01416,1690.97,204.11,8539.23,1641.29,7,41,11,5.2,2,126.26,0
CUST_01417,27074.46,236.84,8884.87,11164.49,10,29,9,0.796,5,741.51,0
CUST_01418,8919.02,78.99,17249.4,14983.94,5,23,15,1.151,4,283.82,0
CUST_01419,8725.67,605.59,9038.8,5324.55,7,25,14,1.697,3,404.78,0
CUST_01420,3733.94,154.79,21649.02,2370.47,1,43,7,9.129,3,109.32,0
CUST_01421,2994.39,229.49,8155.07,14787.13,8,35,9,0.551,1,1836.29,0
CUST_01422,3015.53,107.24,7388.88,2393.27,9,27,17,3.086,2,228.71,1
CUST_01423,5174.39,232.57,18985.86,5701.03,10,35,10,3.33,0,182.92,0
CUST_01424,12849.6,954.87,3704.29,6411.8,9,31,11,0.578,9,438.72,0
CUST_01425,4286.32,82.15,76999.79,12188.0,9,31,8,6.317,4,190.29,0
CUST_01426,1603.11,74.26,10940.27,3894.67,13,25,12,2.808,5,402.27,0
CUST_01427,7646.36,90.77,10989.15,3707.47,10,24,18,2.963,4,123.63,0
CUST_01428,8341.81,138.86,12333.53,7216.16,3,24,16,1.709,5,330.94,0
CUST_01429,6562.94,119.45,36377.63,15606.33,12,36,8,2.331,8,195.94,0
CUST_01430,7122.04,78.84,15275.51,46366.5,9,34,10,0.329,5,172.72,0
CUST_01431,2853.11,174.21,2243.87,1842.06,8,32,8,1.217,1,154.64,1
CUST_01432,1577.99,632.01,24903.82,8673.61,9,34,14,2.871,5,555.63,0
CUST_01433,1666.74,160.8,6168.94,2634.49,7,24,11,2.341,3,233.86,0
CUST_01434,835.54,167.81,8828.36,15771.97,6,30,13,0.56,3,262.77,0
CUST_01435,4506.4,238.5,2912.0,2987.63,9,31,13,0.974,6,403.0,1
CUST_01436,3377.52,304.34,12344.45,3738.91,7,37,13,3.301,5,663.89,0
CUST_01437,2450.41,543.8,4812.16,4020.33,5,23,13,1.197,2,156.6,0
CUST_01438,254.66,219.65,8779.16,6218.17,12,33,8,1.412,3,348.78,0
CUST_01439,1184.9,180.89,6455.71,8731.72,14,32,14,0.739,10,158.1,1
CUST_01440,9984.17,82.0,37797.95,10008.06,11,30,16,3.776,2,258.28,1
CUST_01441,2001.87,327.66,39569.28,6601.8,14,31,14,5.993,2,629.9,0
CUST_01442,5036.83,92.24,8410.28,2142.21,15,29,8,3.924,5,57.84,0
CUST_01443,1041.46,89.98,8528.61,12315.55,12,30,9,0.692,4,156.65,0
CUST_01444,13290.9,211.56,6010.39,6342.23,7,26,16,0.948,1,254.19,0
CUST_01445,3198.3,622.17,19629.82,17809.27,10,29,12,1.102,4,390.11,1
CUST_01446,4726.95,324.14,6228.33,3635.21,8,19,17,1.713,1,701.93,0
CUST_01447,29531.18,175.91,5784.46,1699.46,11,28,11,3.402,5,91.1,0
CUST_01448,14254.05,82.66,17727.53,6445.12,8,20,17,2.75,7,804.99,0
CUST_01449,2763.05,612.59,5267.76,19961.48,7,27,11,0.264,2,430.33,0
CUST_01450,2134.74,173.25,7862.0,7606.82,9,32,7,1.033,3,252.54,0
CUST_01451,2716.26,143.72,2286.9,5598.65,6,33,10,0.408,4,106.88,0
CUST_01452,5761.24,282.63,14233.48,3165.94,5,33,7,4.494,2,200.2,0
CUST_01453,3311.97,126.67,38280.41,29557.76,8,23,16,1.295,5,612.55,1
CUST_01454,2551.1,99.25,14428.78,2765.12,7,35,6,5.216,4,304.45,0
CUST_01455,13635.92,107.16,26093.44,3581.06,6,41,13,7.284,5,263.34,0
CUST_01456,3285.29,106.93,4117.98,10770.1,14,36,12,0.382,2,151.41,0
CUST_01457,28843.22,73.56,9789.44,1369.75,10,37,12,7.142,3,499.82,0
CUST_01458,3950.78,67.28,3810.33,19602.3,7,30,11,0.194,4,269.13,1
CUST_01459,18156.55,394.5,6753.31,11277.49,15,29,5,0.599,4,253.25,0
CUST_01460,5022.02,309.54,15029.48,14247.64,9,24,7,1.055,4,279.59,0
CUST_01461,8661.68,93.86,8790.76,10661.55,5,25,9,0.824,3,190.25,1
CUST_01462,1896.66,368.97,2617.27,5785.12,8,31,15,0.452,7,168.9,0
CUST_01463,1688.54,232.17,2829.84,2687.38,16,26,13,1.053,1,103.17,1
CUST_01464,5506.78,139.91,2684.01,5889.56,9,28,12,0.456,5,193.71,0
CUST_01465,8863.51,67.99,12006.0,2895.89,8,32,16,4.144,5,84.77,0
CUST_01466,3775.28,238.21,42239.69,10028.96,15,30,12,4.211,2,419.89,0
CUST_01467,1143.95,806.18,24099.99,13170.87,13,32,10,1.83,3,187.29,0
CUST_01468,1070.38,183.4,1777.94,23278.54,12,38,7,0.076,1,227.1,0
CUST_01469,1007.85,402.99,25257.05,9099.75,4,27,12,2.775,5,291.2,0
CUST_01470,741.84,153.03,17139.15,14557.9,10,28,11,1.177,6,170.45,0
CUST_01471,4017.99,378.97,2353.74,5153.48,11,24,11,0.457,2,131.3,0
CUST_01472,10022.02,160.75,6357.81,4418.1,8,31,14,1.439,13,349.07,0
CUST_01473,3597.25,26.46,19465.87,9923.1,9,21,13,1.961,5,1121.37,1
CUST_01474,476.1,101.76,12586.08,4776.67,12,28,10,2.634,4,565.15,0
CUST_01475,3066.57,201.5,2843.31,8339.91,10,28,11,0.341,2,732.09,1
CUST_01476,3144.72,431.0,13208.21,2691.86,13,34,16,4.905,2,120.43,0
CUST_01477,24014.16,160.32,1465.57,3135.73,3,32,9,0.467,6,261.38,1
CUST_01478,981.0,185.65,6780.07,11385.52,9,25,11,0.595,6,260.19,1
CUST_01479,2561.61,113.32,20138.03,14096.57,12,24,13,1.428,3,812.32,0
CUST_01480,16903.36,631.91,8223.21,2870.36,9,29,15,2.864,4,567.81,0
CUST_01481,5458.78,602.18,5436.28,11731.38,6,37,16,0.463,3,266.43,0
CUST_01482,6044.97,105.53,16505.96,4218.25,6,22,15,3.912,4,60.23,0
CUST_01483,4036.47,53.89,17673.14,6727.97,3,28,14,2.626,3,132.8,0
CUST_01484,4899.8,42.7,23110.26,22123.66,13,27,12,1.045,3,465.48,0
CUST_01485,7330.86,293.75,16309.03,13178.79,7,30,12,1.237,4,238.77,0
CUST_01486,1757.17,201.98,19246.8,13049.32,7,34,19,1.475,4,276.68,1
CUST_01487,8024.48,96.99,14564.27,33606.4,8,34,16,0.433,3,459.23,0
CUST_01488,1058.17,225.31,10020.85,3647.15,12,19,13,2.747,3,660.02,1
CUST_01489,4892.85,67.74,8704.6,2869.82,9,17,8,3.032,0,173.26,1
CUST_01490,4276.4,342.39,6702.21,3591.04,6,34,8,1.866,6,452.22,0
CUST_01491,2090.87,133.51,3072.07,5343.7,11,37,8,0.575,4,923.36,0
CUST_01492,3567.37,76.31,3773.47,896.62,9,21,17,4.204,6,812.07,0
CUST_01493,2079.15,135.15,6466.49,5561.85,5,26,9,1.162,6,206.11,1
CUST_01494,1387.79,131.48,9829.68,4176.02,10,30,8,2.353,3,367.39,1
CUST_01495,2648.49,242.75,25659.01,12915.66,10,24,11,1.987,4,505.49,0
CUST_01496,1348.04,460.72,7836.61,8951.32,9,24,16,0.875,6,303.11,1
CUST_01497,4868.39,442.0,18083.97,3981.48,7,27,13,4.541,4,251.03,0
CUST_01498,1293.26,205.96,19215.12,10954.07,12,29,17,1.754,5,89.0,0
CUST_01499,6910.38,156.06,6733.45,12268.3,6,28,10,0.549,6,163.11,0
CUST_01500,1257.23,115.02,13039.68,3452.09,8,27,14,3.776,1,183.69,0
CUST_01501,2187.11,44.06,6668.68,4363.06,11,25,5,1.528,5,123.6,0
CUST_01502,2075.29,178.51,23334.98,1000.69,6,38,16,23.296,3,322.68,0
CUST_01503,11999.64,91.76,13476.12,2625.27,12,29,10,5.131,3,548.17,0
CUST_01504,4901.33,480.42,3126.32,3529.46,8,26,15,0.886,5,222.86,0
CUST_01505,3009.23,154.38,9220.82,7065.94,8,27,10,1.305,6,63.91,1
CUST_01506,5703.57,329.53,30287.48,2970.32,13,34,11,10.193,8,275.1,0
CUST_01507,546.5,123.22,7009.45,4287.96,5,34,12,1.634,2,362.05,0
CUST_01508,3502.32,105.6,11593.18,2341.32,5,25,13,4.949,3,345.32,0
CUST_01509,21977.24,294.07,12540.3,7672.88,10,26,14,1.634,7,180.4,0
CUST_01510,4101.52,226.36,3535.82,9526.74,8,38,12,0.371,3,128.57,0
CUST_01511,3870.43,234.57,12192.38,9339.52,9,28,9,1.305,3,555.84,0
CUST_01512,5962.92,168.17,2656.94,6704.32,9,20,10,0.396,8,382.3,1
CUST_01513,8152.21,340.87,4912.32,1790.21,9,23,12,2.742,3,185.52,0
CUST_01514,603.22,303.63,19159.97,3916.84,15,24,17,4.89,3,104.5,0
CUST_01515,801.04,31.77,10779.54,4692.82,16,32,16,2.297,6,349.26,0
CUST_01516,4399.57,147.53,6351.32,4708.85,12,33,8,1.349,2,159.45,0
CUST_01517,1913.35,408.21,11581.55,7070.84,11,40,12,1.638,0,390.68,0
CUST_01518,11858.77,80.19,7722.75,22285.92,6,30,11,0.347,5,333.78,0
CUST_01519,2741.73,46.81,8185.04,13230.52,7,38,14,0.619,5,1279.0,1
CUST_01520,638.37,162.22,13704.16,2865.82,10,33,13,4.78,3,283.01,0
CUST_01521,1163.03,274.95,4528.32,11809.3,9,34,12,0.383,1,1212.61,0
CUST_01522,306.52,125.41,8368.83,11432.98,8,35,9,0.732,6,316.5,0
CUST_01523,2949.19,509.97,6311.86,3343.73,9,40,10,1.887,4,187.38,0
CUST_01524,3073.14,792.27,2279.06,13650.56,10,32,15,0.167,3,142.76,0
CUST_01525,2484.89,38.86,3880.17,5788.8,7,27,14,0.67,1,161.75,0
CUST_01526,9614.15,133.33,28411.95,2001.27,12,26,8,14.19,4,403.57,0
CUST_01527,10707.16,29.21,11023.43,9768.54,8,37,12,1.128,4,327.15,0
CUST_01528,3123.32,307.6,2810.53,7977.8,5,37,7,0.352,4,82.51,0
CUST_01529,533.14,105.23,2363.07,5466.94,11,28,11,0.432,2,610.4,0
CUST_01530,6345.83,123.89,7407.65,6426.37,11,28,10,1.153,5,840.36,0
CUST_01531,6001.86,454.17,28252.84,3600.32,11,32,8,7.845,4,81.93,0
CUST_01532,4810.0,62.63,6978.53,11143.49,10,28,12,0.626,3,606.93,0
CUST_01533,8807.26,51.23,23054.12,6393.69,6,36,17,3.605,5,970.84,0
CUST_01534,1276.22,29.31,10738.01,7642.51,8,19,17,1.405,5,85.01,0
CUST_01535,22200.72,500.91,11813.53,8987.33,9,32,12,1.314,4,215.49,0
CUST_01536,1535.35,415.95,2783.39,2486.43,8,30,12,1.119,2,164.9,1
CUST_01537,7145.95,143.29,17154.54,3102.18,10,23,9,5.528,4,590.95,0
CUST_01538,797.42,65.35,6198.45,1013.89,9,32,8,6.108,3,223.57,0
CUST_01539,1576.18,353.29,16162.9,10721.76,7,22,13,1.507,5,217.41,0
CUST_01540,14253.13,1642.12,4224.53,2367.57,9,37,5,1.784,3,401.37,0
CUST_01541,2878.98,150.12,9336.06,7425.57,10,24,20,1.257,3,890.46,0
CUST_01542,7753.74,69.25,10738.63,9093.73,6,40,9,1.181,3,286.25,0
CUST_01543,4506.43,489.49,7163.64,11070.07,6,24,8,0.647,4,214.97,0
CUST_01544,3312.76,73.26,11199.63,2384.12,9,27,13,4.696,2,244.93,0
CUST_01545,12424.99,135.19,6547.79,6276.78,8,33,17,1.043,5,473.76,0
CUST_01546,2942.48,21.96,4821.07,27439.49,11,37,9,0.176,6,117.69,0
CUST_01547,733.14,142.22,29272.0,28485.98,8,30,12,1.028,4,295.45,0
CUST_01548,1767.08,65.19,18754.0,15355.43,5,32,15,1.221,4,155.02,0
CUST_01549,5979.38,496.24,4408.58,8838.47,8,40,8,0.499,5,128.75,0
CUST_01550,5197.63,83.02,12768.74,2823.29,12,16,12,4.521,6,76.61,0
CUST_01551,888.6,338.27,4473.19,12219.99,8,33,13,0.366,5,208.41,0
CUST_01552,1897.12,166.68,3140.86,5800.4,15,22,11,0.541,2,635.94,0
CUST_01553,2156.95,200.4,18528.17,10683.43,12,31,14,1.734,8,74.56,1
CUST_01554,2620.39,275.28,2072.93,3874.16,11,24,13,0.535,2,436.99,0
CUST_01555,1055.4,173.68,17008.78,5727.34,13,31,19,2.969,3,189.77,0
CUST_01556,2068.27,107.96,6619.81,7627.58,14,37,11,0.868,6,141.97,0
CUST_01557,1889.85,94.67,6841.5,8179.09,11,37,16,0.836,3,380.21,0
CUST_01558,7290.88,272.38,11246.37,10093.68,8,32,5,1.114,5,748.0,0
CUST_01559,7541.75,39.59,12899.7,4054.91,4,23,9,3.18,4,852.86,0
CUST_01560,3193.17,694.04,4183.59,2117.96,9,28,13,1.974,6,364.52,0
CUST_01561,2558.47,201.43,14388.44,26398.63,6,45,10,0.545,5,284.52,0
CUST_01562,4129.58,138.39,8872.36,55042.78,6,32,12,0.161,2,393.11,0
CUST_01563,1746.0,224.27,2966.55,9704.14,7,30,11,0.306,4,1692.35,0
CUST_01564,1297.05,112.68,7073.43,2152.98,9,29,15,3.284,9,243.5,1
CUST_01565,1562.12,157.21,24465.6,3438.48,12,26,18,7.113,5,661.46,0
CUST_01566,2056.31,73.3,30985.54,10226.63,6,32,20,3.03,1,197.42,0
CUST_01567,1277.77,244.71,14384.1,20742.67,14,29,11,0.693,1,167.09,0
CUST_01568,4212.68,170.24,3126.67,2366.21,8,29,10,1.321,4,1030.94,0
CUST_01569,7021.58,210.6,11997.88,5968.9,9,27,5,2.01,3,299.42,0
CUST_01570,872.72,593.78,16005.52,7836.46,10,40,12,2.042,2,349.74,1
CUST_01571,3724.23,95.26,14480.62,13834.1,5,25,15,1.047,7,438.28,0
CUST_01572,2987.1,163.51,15183.48,4953.94,6,20,4,3.064,7,160.0,0
CUST_01573,4951.06,48.37,10835.8,1755.94,7,27,12,6.167,0,219.91,0
CUST_01574,3598.8,281.47,7647.01,11248.81,11,29,9,0.68,4,190.67,0
CUST_01575,984.13,178.75,4980.6,17258.79,10,28,15,0.289,5,377.11,0
CUST_01576,1168.94,183.81,1775.17,6184.47,8,31,14,0.287,1,386.31,0
CUST_01577,3738.66,159.83,10632.95,9362.37,9,22,17,1.136,4,196.3,0
CUST_01578,9190.29,114.14,9403.55,4432.34,5,33,12,2.121,2,1235.75,0
CUST_01579,496.33,1335.18,12658.2,3232.77,15,32,10,3.914,5,293.19,0
CUST_01580,4969.89,186.9,2779.33,15874.38,10,30,9,0.175,5,321.16,0
CUST_01581,10621.76,229.8,13575.38,9222.22,10,32,11,1.472,8,765.44,0
CUST_01582,3172.5,72.85,41924.94,10064.94,12,35,15,4.165,4,161.99,0
CUST_01583,5974.06,368.0,8627.93,23784.7,8,28,8,0.363,5,207.55,0
CUST_01584,1933.79,164.22,7713.04,2706.43,13,33,14,2.849,3,364.98,1
CUST_01585,3270.08,258.95,10375.49,4149.64,12,23,10,2.5,5,106.38,0
CUST_01586,846.56,373.11,41186.66,7587.39,8,27,14,5.428,0,253.1,0
CUST_01587,441.46,166.81,3572.72,4106.53,9,36,9,0.87,3,1255.91,1
CUST_01588,8505.68,105.47,9533.48,12908.82,11,26,8,0.738,7,1075.23,0
CUST_01589,1500.43,28.16,4273.87,5657.35,5,35,13,0.755,4,560.06,0
CUST_01590,2416.38,132.99,5231.2,2853.63,11,27,10,1.833,7,683.98,1
CUST_01591,1045.45,105.01,7787.91,7015.7,6,15,16,1.11,3,422.15,1
CUST_01592,1023.54,72.64,23809.94,7667.82,10,34,11,3.105,1,220.95,0
CUST_01593,3113.63,579.68,34227.77,14683.5,11,31,6,2.331,4,944.36,1
CUST_01594,1888.2,397.9,11597.14,9266.58,10,30,12,1.251,5,153.83,0
CUST_01595,5116.23,41.94,5995.26,9818.02,7,29,7,0.611,5,588.7,0
CUST_01596,5471.37,204.99,59527.35,8710.18,6,18,16,6.833,4,209.26,0
CUST_01597,4859.86,94.27,5755.76,5653.39,9,37,14,1.018,4,218.27,0
CUST_01598,4513.11,243.09,5131.18,3609.1,5,40,18,1.421,3,435.75,0
CUST_01599,15062.92,95.61,1958.72,8480.4,10,24,3,0.231,1,1241.14,0
CUST_01600,1392.93,117.78,24757.24,4998.25,12,27,14,4.952,4,812.46,0
CUST_01601,3465.31,391.67,17581.39,27899.09,7,40,9,0.63,4,378.85,1
CUST_01602,10091.22,349.14,56063.73,20761.49,7,23,12,2.7,3,312.31,0
CUST_01603,11362.64,606.43,2666.12,11360.68,11,29,5,0.235,2,516.48,0
CUST_01604,1012.74,152.38,26017.81,9151.72,9,21,16,2.843,4,777.14,1
CUST_01605,2748.69,56.57,8570.73,6156.32,13,28,13,1.392,1,87.15,1
CUST_01606,12361.09,378.81,15442.52,2271.16,9,28,19,6.796,4,273.44,1
CUST_01607,5751.82,380.57,2168.47,5520.67,11,33,4,0.393,5,143.06,1
CUST_01608,4340.46,299.65,26224.92,7231.42,16,37,12,3.626,3,256.45,0
CUST_01609,2993.16,99.98,15202.47,8062.98,12,24,11,1.885,2,123.9,0
CUST_01610,2577.51,76.97,7854.74,9888.28,6,26,18,0.794,4,84.42,0
CUST_01611,4719.21,278.32,13576.43,14517.8,14,25,11,0.935,5,118.69,0
CUST_01612,2901.15,89.22,4392.28,3683.69,7,32,14,1.192,7,202.87,0
CUST_01613,3504.07,141.69,5097.21,3712.22,9,27,13,1.373,4,450.6,0
CUST_01614,3907.84,1854.2,5592.85,22770.66,7,23,11,0.246,4,169.06,1
CUST_01615,1977.79,995.41,1840.55,12776.14,8,30,15,0.144,5,163.04,0
CUST_01616,5877.67,341.77,16145.66,4759.25,16,22,7,3.392,4,394.26,0
CUST_01617,50152.33,106.72,21020.95,6056.4,11,29,13,3.47,5,365.31,0
CUST_01618,735.62,101.71,4623.58,6079.59,11,35,18,0.76,5,983.91,0
CUST_01619,4873.71,321.38,10706.03,6814.7,13,27,12,1.571,1,574.95,0
CUST_01620,1836.89,600.4,6552.28,9914.77,11,28,11,0.661,4,145.75,0
CUST_01621,6122.11,120.38,10536.69,57224.87,10,28,9,0.184,4,186.91,0
CUST_01622,3796.75,125.78,4904.65,7795.43,12,34,16,0.629,3,503.98,1
CUST_01623,7227.65,194.45,3996.84,11651.71,5,26,13,0.343,2,160.68,1
CUST_01624,10487.67,59.67,18800.9,1582.08,6,31,15,11.876,6,238.16,0
CUST_01625,4329.38,61.15,7699.45,4393.3,5,29,18,1.752,7,90.26,1
CUST_01626,10085.43,70.75,40851.02,18854.23,10,25,10,2.167,3,119.74,0
CUST_01627,441.48,280.58,8408.92,9339.13,7,26,12,0.9,4,721.67,0
CUST_01628,15235.86,225.34,3862.76,159.06,9,26,13,24.134,4,335.97,0
CUST_01629,5102.86,450.14,21623.86,11765.42,6,32,12,1.838,4,192.42,0
CUST_01630,9605.19,45.16,13421.86,33875.24,8,23,11,0.396,3,212.31,1
CUST_01631,1214.53,53.86,14494.12,1216.19,8,32,20,11.908,4,992.98,0
CUST_01632,1723.84,261.01,21004.26,24136.48,5,33,16,0.87,4,188.71,0
CUST_01633,4152.0,90.23,4806.69,628.82,13,19,15,7.632,9,416.28,0
CUST_01634,3585.55,95.63,7318.77,14724.96,13,35,7,0.497,6,550.06,0
CUST_01635,4697.39,407.57,7064.52,6585.65,9,24,10,1.073,5,821.79,1
CUST_01636,9663.04,116.47,2885.35,900.12,10,25,10,3.202,5,164.72,0
CUST_01637,743.45,127.9,6562.51,9693.56,9,46,7,0.677,2,112.21,0
CUST_01638,8746.75,148.4,23602.4,17645.11,12,34,18,1.338,0,138.02,0
CUST_01639,3668.19,155.78,9797.38,9039.0,11,31,21,1.084,8,498.56,1
CUST_01640,3030.84,313.55,2760.46,10906.38,15,19,8,0.253,4,1205.12,0
CUST_01641,968.74,68.85,2333.98,4675.42,12,39,13,0.499,5,510.84,0
CUST_01642,5725.84,155.95,30693.95,1363.51,11,32,11,22.494,3,188.36,0
CUST_01643,414.6,459.39,7538.25,11945.2,10,34,8,0.631,4,686.41,0
CUST_01644,6526.03,998.45,4827.44,29357.13,7,29,12,0.164,6,215.21,0
CUST_01645,950.61,61.23,6508.12,17329.12,11,25,11,0.376,6,166.97,0
CUST_01646,3820.41,236.23,2485.31,1224.52,8,28,9,2.028,2,236.99,0
CUST_01647,3270.66,155.7,25297.89,1830.49,8,30,9,13.813,6,198.98,0
CUST_01648,10431.49,167.5,5916.84,3232.23,13,47,15,1.83,5,182.85,0
CUST_01649,3100.16,96.38,24195.48,1712.95,9,31,12,14.117,5,702.91,0
CUST_01650,1949.4,331.84,8444.93,6888.17,6,36,16,1.226,4,208.3,0
CUST_01651,2307.82,318.49,25428.49,9268.75,10,31,13,2.743,3,98.39,1
CUST_01652,11448.28,1364.17,9950.28,1967.04,9,29,13,5.056,5,450.39,0
CUST_01653,5899.76,63.0,16035.91,12843.06,11,20,10,1.249,3,153.2,0
CUST_01654,2573.27,44.78,14404.19,11058.32,9,31,8,1.302,3,156.7,0
CUST_01655,2943.04,938.03,13341.47,4163.31,11,32,14,3.204,3,488.27,1
CUST_01656,888.51,173.9,10703.73,5729.34,6,36,19,1.868,6,179.86,1
CUST_01657,5164.83,125.78,6725.89,1264.8,10,33,10,5.314,3,217.68,0
CUST_01658,747.08,210.73,37509.43,5001.92,5,21,9,7.498,12,307.82,0
CUST_01659,7162.52,59.39,3922.37,6676.02,12,31,13,0.587,3,244.58,0
CUST_01660,4087.79,244.86,8131.06,7657.46,8,27,6,1.062,3,221.31,0
CUST_01661,31202.6,170.0,8200.16,9154.91,10,27,14,0.896,5,57.97,0
CUST_01662,1352.73,427.96,11180.79,8164.95,8,34,8,1.369,6,264.81,0
CUST_01663,3319.62,359.82,5746.93,5299.18,6,30,14,1.084,6,924.65,0
CUST_01664,18369.72,384.62,10423.28,8461.36,5,38,12,1.232,4,464.4,0
CUST_01665,10638.67,211.17,7079.27,15548.62,10,30,9,0.455,3,229.79,0
CUST_01666,1945.76,654.24,2285.72,6117.0,11,33,14,0.374,1,415.35,0
CUST_01667,4454.06,287.44,8165.24,8690.24,7,30,10,0.939,3,463.66,0
CUST_01668,3647.51,118.33,3359.5,5663.26,7,34,12,0.593,4,165.76,1
CUST_01669,4692.69,94.88,2023.31,3828.6,11,34,14,0.528,3,720.56,0
CUST_01670,1941.44,103.83,9040.76,10346.96,10,25,8,0.874,4,335.01,0
CUST_01671,3359.72,290.34,11971.77,4138.37,6,27,9,2.892,4,240.18,1
CUST_01672,864.16,62.47,12349.35,9211.66,8,28,12,1.34,4,909.87,0
CUST_01673,4111.78,205.22,12755.74,6795.51,13,29,13,1.877,6,70.26,0
CUST_01674,5458.99,93.1,1726.63,5123.82,15,34,13,0.337,1,131.23,0
CUST_01675,2967.05,66.52,2727.62,5019.46,13,28,9,0.543,3,468.31,0
CUST_01676,851.04,75.69,39293.61,4307.43,12,37,15,9.12,4,479.08,0
CUST_01677,8863.34,177.85,3506.01,1637.73,5,28,10,2.139,5,946.48,0
CUST_01678,5054.69,333.96,13209.25,9186.23,9,31,17,1.438,7,61.61,0
CUST_01679,1894.27,105.56,4677.18,8077.32,11,37,12,0.579,7,545.17,1
CUST_01680,2828.38,34.44,8636.37,13659.9,11,24,15,0.632,3,124.99,0
CUST_01681,943.31,2260.78,4882.42,4222.83,7,34,9,1.156,4,400.71,0
CUST_01682,1446.83,443.3,12698.42,33225.6,8,32,9,0.382,4,285.57,0
CUST_01683,2243.9,382.15,9040.04,4804.1,14,27,15,1.881,5,541.82,0
CUST_01684,10999.21,666.68,5661.07,3153.15,11,26,17,1.795,6,253.47,0
CUST_01685,2047.65,195.17,3497.7,2850.84,9,28,12,1.226,7,606.5,0
CUST_01686,6478.16,162.71,10038.87,1519.54,4,36,13,6.602,4,167.39,0
CUST_01687,2242.88,536.27,3071.2,24409.65,9,34,7,0.126,4,282.31,1
CUST_01688,4551.23,533.38,11407.03,21277.54,11,31,12,0.536,4,342.05,0
CUST_01689,3205.89,296.53,66249.81,11054.95,9,29,14,5.992,4,966.51,1
CUST_01690,7988.44,367.23,23864.23,3097.42,8,29,15,7.702,2,535.43,0
CUST_01691,2249.96,67.29,14395.61,30932.96,11,29,12,0.465,6,344.83,1
CUST_01692,884.24,147.53,7566.71,4919.88,11,31,16,1.538,5,467.72,0
CUST_01693,1049.69,708.43,1718.14,5278.13,13,39,13,0.325,6,639.26,0
CUST_01694,2255.91,344.98,2813.46,22508.99,19,29,22,0.125,6,388.45,1
CUST_01695,1183.04,56.28,22611.96,11615.25,6,26,11,1.947,3,145.81,0
CUST_01696,5266.87,118.52,4307.85,43085.32,5,29,7,0.1,4,463.99,1
CUST_01697,2394.21,621.89,4631.33,8196.1,9,26,9,0.565,4,293.0,1
CUST_01698,30857.83,260.91,7097.37,4733.99,7,35,7,1.499,6,233.44,0
CUST_01699,762.08,209.67,3464.64,3944.06,13,30,12,0.878,6,172.49,0
CUST_01700,4373.29,214.77,3036.88,1380.3,11,31,12,2.199,7,448.33,0
CUST_01701,1319.28,169.55,7782.41,5235.37,8,20,14,1.486,2,427.69,0
CUST_01702,2335.4,119.18,3971.01,17551.67,12,24,11,0.226,3,153.1,0
CUST_01703,4135.14,93.05,4479.13,11037.01,9,30,9,0.406,4,137.79,0
CUST_01704,449.06,406.77,4337.47,6749.76,6,25,12,0.643,4,1123.42,0
CUST_01705,4505.9,219.21,12306.57,2847.81,10,31,19,4.32,5,545.9,0
CUST_01706,20183.42,319.14,6729.79,8045.29,7,24,10,0.836,2,317.57,0
CUST_01707,2420.93,280.72,7024.38,15691.77,11,38,12,0.448,1,456.86,0
CUST_01708,4600.07,559.46,13063.23,9567.35,9,25,10,1.365,4,215.42,0
CUST_01709,9158.43,260.79,7232.7,7644.37,12,31,19,0.946,5,264.89,0
CUST_01710,3141.46,350.33,6485.97,3369.72,9,29,15,1.924,8,303.39,1
CUST_01711,2158.43,207.23,11805.97,13864.74,9,29,8,0.851,5,586.99,0
CUST_01712,469.58,84.95,13829.49,463.07,12,38,11,29.8,1,111.13,0
CUST_01713,6482.7,151.34,7203.64,9185.84,10,34,14,0.784,4,146.32,0
CUST_01714,3288.37,290.6,8642.84,58969.38,13,26,6,0.147,4,126.81,0
CUST_01715,1463.5,311.73,4335.39,1840.67,8,32,11,2.354,8,543.04,0
CUST_01716,4080.35,578.72,4070.23,5403.68,8,26,17,0.753,4,278.48,0
CUST_01717,2153.15,125.47,14992.69,6589.78,5,26,7,2.275,5,157.36,0
CUST_01718,2262.93,217.2,11567.49,4477.43,15,26,11,2.583,4,255.94,0
CUST_01719,6283.37,163.48,11663.72,16009.19,9,26,14,0.729,0,192.05,1
CUST_01720,1091.66,664.78,10144.46,9912.81,9,24,11,1.023,5,109.49,1
CUST_01721,9344.88,244.98,8408.2,7551.15,2,32,10,1.113,2,722.16,0
CUST_01722,1034.92,248.76,14145.18,13064.86,15,27,12,1.083,5,269.2,0
CUST_01723,2005.34,176.17,17121.44,6729.38,11,35,6,2.544,6,733.93,1
CUST_01724,20550.73,151.4,16797.45,99000.96,8,21,16,0.17,2,108.4,1
CUST_01725,10042.88,56.89,7475.44,7545.03,9,23,12,0.991,5,425.38,1
CUST_01726,3975.25,66.09,24577.68,7832.13,6,30,14,3.138,3,108.88,0
CUST_01727,1561.69,209.15,9728.05,1550.14,4,22,22,6.272,3,1655.35,0
CUST_01728,2261.21,189.3,13438.8,4180.0,16,34,5,3.214,4,89.07,1
CUST_01729,3889.16,210.09,10154.48,17593.26,7,35,8,0.577,3,1050.69,0
CUST_01730,3766.01,384.95,9873.46,2132.1,12,24,8,4.629,6,294.75,0
CUST_01731,3355.03,195.26,4498.05,1060.06,13,27,11,4.239,6,262.98,0
CUST_01732,3541.31,137.19,14201.18,6819.0,12,34,9,2.082,3,451.48,0
CUST_01733,3002.09,153.24,78923.6,21271.7,10,36,9,3.71,3,154.99,0
CUST_01734,994.48,220.33,6003.9,6877.59,9,28,14,0.873,3,517.79,0
CUST_01735,2287.33,133.75,8576.63,4985.53,8,35,14,1.72,4,545.03,0
CUST_01736,8292.96,424.76,5670.52,1366.88,8,27,14,4.145,2,301.37,0
CUST_01737,1062.63,179.64,5483.97,9744.09,9,34,17,0.563,7,356.04,1
CUST_01738,3069.9,221.7,27877.06,11638.62,4,32,18,2.395,5,1153.73,0
CUST_01739,1741.01,94.33,4729.73,1459.03,12,34,13,3.239,3,471.46,1
CUST_01740,4024.74,424.92,5545.46,17402.21,8,34,8,0.319,5,172.86,0
CUST_01741,2566.32,573.16,2275.62,12718.86,7,31,14,0.179,5,505.41,1
CUST_01742,13761.83,60.92,4420.07,17369.46,7,21,15,0.254,4,205.09,0
CUST_01743,5744.08,249.81,2065.81,10894.31,6,24,10,0.19,5,179.09,1
CUST_01744,1118.09,166.28,13432.65,11563.75,8,30,14,1.162,5,427.88,1
CUST_01745,6661.53,227.52,76096.52,10327.99,5,27,11,7.367,2,147.44,0
CUST_01746,1813.14,260.26,6043.01,13879.96,8,29,15,0.435,5,308.73,0
CUST_01747,2166.14,30.33,2135.79,1413.83,9,34,13,1.51,4,478.96,1
CUST_01748,4829.2,332.82,16647.24,1852.14,8,31,11,8.983,4,1137.74,0
CUST_01749,2338.88,441.39,4529.92,3548.9,5,25,11,1.276,5,467.24,0
CUST_01750,8132.07,482.92,22913.41,5941.12,13,30,16,3.856,3,106.81,1
CUST_01751,1813.37,85.14,6466.41,9227.25,9,29,8,0.701,1,119.15,0
CUST_01752,2085.88,176.84,4888.04,8742.74,10,25,10,0.559,5,1000.69,0
CUST_01753,2016.8,117.79,7027.83,17146.34,10,41,11,0.41,5,191.72,0
CUST_01754,2188.4,39.17,14856.93,17609.98,9,33,6,0.844,5,103.39,0
CUST_01755,9791.52,110.34,6755.17,3160.46,14,31,10,2.137,5,147.92,0
CUST_01756,6411.94,76.15,5445.91,8125.72,13,45,18,0.67,0,521.07,0
CUST_01757,16965.71,236.9,6911.45,3227.11,8,23,15,2.141,7,323.43,1
CUST_01758,28025.77,49.15,2929.29,5653.27,9,33,11,0.518,4,470.19,0
CUST_01759,1439.94,82.79,11132.51,8721.29,10,27,13,1.276,5,292.04,0
CUST_01760,3879.17,119.63,1940.34,365.99,9,30,11,5.287,4,138.1,0
CUST_01761,1263.22,335.67,5679.98,51511.35,12,36,5,0.11,3,85.53,1
CUST_01762,1808.32,1672.74,14876.06,10736.96,9,33,20,1.385,2,166.63,0
CUST_01763,2065.08,231.01,10326.19,3998.41,6,21,10,2.582,4,325.46,1
CUST_01764,1406.08,79.39,12994.17,34141.34,11,29,16,0.381,1,130.52,0
CUST_01765,1412.76,105.29,7692.21,4937.84,4,37,7,1.557,4,594.68,0
CUST_01766,3197.56,306.88,20656.74,7425.25,9,36,17,2.782,6,148.41,0
CUST_01767,1217.99,61.76,16979.45,4385.03,6,38,13,3.871,4,94.03,0
CUST_01768,7769.14,435.88,11578.59,27016.23,2,33,18,0.429,4,299.01,0
CUST_01769,1594.03,225.59,17018.17,6067.87,10,31,16,2.804,4,509.03,0
CUST_01770,45643.3,164.01,14769.79,7533.1,8,30,15,1.96,4,849.62,0
CUST_01771,2425.41,47.09,5701.18,18457.29,9,29,13,0.309,4,96.71,0
CUST_01772,3884.76,378.54,2765.23,10909.27,4,29,7,0.253,2,809.63,0
CUST_01773,1134.78,98.56,11342.25,6334.74,9,30,13,1.79,3,340.27,1
CUST_01774,16906.99,204.99,12542.42,17048.75,8,26,9,0.736,7,193.5,0
CUST_01775,9972.14,159.86,19387.38,57394.9,10,37,14,0.338,8,481.34,1
CUST_01776,4756.3,51.06,3831.24,8688.88,7,32,15,0.441,3,771.83,0
CUST_01777,1083.42,150.72,3923.95,7326.45,12,34,10,0.536,5,92.26,0
CUST_01778,4401.06,68.84,11706.74,7669.7,7,32,15,1.526,5,221.04,0
CUST_01779,1327.05,107.6,7654.63,20208.63,10,28,11,0.379,2,204.12,0
CUST_01780,13576.83,256.27,1792.54,3986.55,10,28,14,0.45,0,463.22,0
CUST_01781,7542.25,317.97,10938.97,5236.61,8,34,7,2.089,7,830.49,0
CUST_01782,3967.51,178.65,1841.0,1795.74,17,23,14,1.025,1,314.62,0
CUST_01783,406.37,89.38,3803.95,2425.3,14,32,24,1.568,2,243.59,0
CUST_01784,1502.56,107.99,23893.1,4272.14,7,34,17,5.591,8,408.2,0
CUST_01785,6761.4,106.5,34888.17,6326.19,15,36,9,5.514,3,253.63,0
CUST_01786,10846.47,32.8,3064.0,29843.45,9,32,11,0.103,2,65.45,0
CUST_01787,9879.85,192.21,6225.98,10462.93,7,27,9,0.595,4,429.2,1
CUST_01788,868.87,47.81,8384.15,3055.61,10,37,12,2.743,3,595.84,1
CUST_01789,4776.18,192.67,33690.85,3573.2,10,26,6,9.426,5,633.71,0
CUST_01790,9081.22,56.4,5462.73,21344.22,14,24,12,0.256,3,133.06,0
CUST_01791,818.52,69.06,5533.04,17285.42,9,39,15,0.32,6,457.15,0
CUST_01792,3615.14,309.48,27972.59,6794.9,12,32,12,4.116,4,873.87,0
CUST_01793,4658.54,184.87,6003.92,4554.42,8,32,11,1.318,5,1757.12,0
CUST_01794,2777.51,40.13,14440.06,17260.79,8,33,14,0.837,4,417.9,1
CUST_01795,687.49,115.93,2485.64,2851.7,6,26,10,0.871,5,595.08,1
CUST_01796,2715.88,223.53,7065.75,9257.84,6,44,9,0.763,2,149.18,0
CUST_01797,2711.96,110.45,2148.06,45787.21,10,26,11,0.047,4,136.13,1
CUST_01798,3186.68,137.76,3483.01,7899.48,7,29,8,0.441,3,596.53,0
CUST_01799,2192.67,220.36,15856.92,3431.43,11,33,12,4.62,6,71.87,0
CUST_01800,2443.75,187.87,7785.95,9403.28,9,30,13,0.828,1,333.2,0
CUST_01801,3513.14,81.96,6277.43,4449.26,9,34,12,1.411,2,813.56,0
CUST_01802,5421.94,184.54,4451.52,2028.4,14,24,14,2.194,4,492.16,0
CUST_01803,2768.38,144.04,6791.83,12038.69,10,31,11,0.564,4,489.92,0
CUST_01804,2518.24,720.03,10310.22,17156.96,8,31,9,0.601,3,288.69,0
CUST_01805,3956.51,166.92,17788.95,5093.54,11,28,7,3.492,2,224.32,0
CUST_01806,646.24,201.94,992.16,4814.32,11,29,10,0.206,4,1350.65,0
CUST_01807,5593.34,223.15,4165.5,2929.74,8,37,12,1.421,5,708.78,0
CUST_01808,3639.11,140.07,9202.93,5840.4,10,27,11,1.575,5,540.44,0
CUST_01809,3773.37,101.91,7486.9,4113.32,4,30,6,1.82,6,304.75,0
CUST_01810,8644.35,261.86,11189.16,2809.11,10,25,10,3.982,2,198.56,0
CUST_01811,627.95,263.58,10036.99,33134.94,6,21,12,0.303,6,636.35,0
CUST_01812,616.19,959.16,6349.34,9862.74,13,37,7,0.644,7,241.09,0
CUST_01813,4658.38,328.3,5316.22,10791.73,9,33,15,0.493,6,315.8,1
CUST_01814,3617.7,332.76,6658.16,14057.19,4,27,3,0.474,3,459.89,0
CUST_01815,4243.57,321.88,20312.54,12776.73,3,33,13,1.59,2,346.07,0
CUST_01816,2402.07,104.35,4511.54,4669.73,10,36,14,0.966,4,884.48,1
CUST_01817,6620.45,66.26,7706.0,8363.81,13,23,12,0.921,3,118.63,0
CUST_01818,8428.51,81.22,9383.18,5278.11,9,34,11,1.777,2,313.29,1
CUST_01819,5628.42,314.31,28233.96,9630.54,12,32,10,2.931,3,1334.94,0
CUST_01820,2879.16,565.27,6372.54,8870.06,8,29,18,0.718,5,560.0,0
CUST_01821,546.25,326.1,17449.13,4792.17,11,32,14,3.64,1,260.36,0
CUST_01822,7275.83,158.61,21711.2,2143.29,9,23,18,10.125,4,522.79,0
CUST_01823,10933.16,693.21,7700.16,7512.33,10,30,19,1.025,9,289.05,0
CUST_01824,6503.54,127.11,6846.03,5576.8,7,27,7,1.227,2,834.19,0
CUST_01825,1649.66,72.35,6227.67,1330.33,11,32,14,4.678,0,531.06,0
CUST_01826,6676.94,221.94,6603.41,10213.98,8,29,10,0.646,6,162.95,0
CUST_01827,7898.88,509.53,16048.84,15071.2,4,23,13,1.065,4,353.14,0
CUST_01828,14808.17,92.29,9747.91,56902.98,7,44,11,0.171,4,400.63,0
CUST_01829,1654.91,46.35,9781.34,4757.52,10,31,17,2.056,4,414.75,0
CUST_01830,2969.62,186.82,3293.88,4196.87,16,27,14,0.785,0,373.58,0
CUST_01831,7133.41,336.01,3736.89,2583.74,3,31,14,1.446,4,443.78,0
CUST_01832,3834.02,16.92,45015.29,7921.58,8,29,12,5.682,2,400.74,1
CUST_01833,1331.96,396.19,7028.58,7879.11,9,28,17,0.892,4,180.4,0
CUST_01834,5287.78,60.74,4359.8,3328.9,7,26,13,1.309,3,217.12,0
CUST_01835,6129.05,323.72,25460.39,5717.63,8,30,8,4.452,5,250.16,0
CUST_01836,3940.91,36.69,10152.21,1234.15,15,23,12,8.219,3,319.54,0
CUST_01837,4436.52,55.71,12868.32,14580.21,9,25,8,0.883,5,250.73,1
CUST_01838,2884.67,297.37,7255.84,3445.84,9,29,11,2.105,4,646.79,0
CUST_01839,13772.8,479.44,6279.6,6441.66,15,25,6,0.975,6,152.61,0
CUST_01840,1618.7,179.95,7075.06,1973.0,10,34,13,3.584,4,88.74,0
CUST_01841,2146.11,1231.85,2680.64,4044.04,14,30,11,0.663,8,1184.16,0
CUST_01842,3677.13,79.99,7552.68,5230.95,9,32,12,1.444,5,168.64,0
CUST_01843,8030.95,79.18,10268.4,6570.88,7,21,8,1.562,3,645.65,0
CUST_01844,946.12,142.34,35609.6,9974.36,6,32,17,3.57,2,457.61,0
CUST_01845,1119.61,137.02,8680.19,22543.77,8,31,12,0.385,6,172.85,0
CUST_01846,581.75,227.42,1252.2,12367.22,8,36,15,0.101,1,272.3,0
CUST_01847,3749.68,100.05,7516.17,15030.55,8,22,15,0.5,6,245.34,0
CUST_01848,1330.79,285.43,72518.96,22678.86,7,24,17,3.198,3,383.55,0
CUST_01849,2575.77,280.03,16205.29,10767.11,9,29,12,1.505,4,174.65,0
CUST_01850,6602.74,658.99,4235.64,6430.44,2,38,9,0.659,5,264.13,0
CUST_01851,2043.89,122.44,13002.35,15642.47,16,31,14,0.831,5,291.17,1
CUST_01852,4483.48,237.36,4475.57,16515.55,7,26,16,0.271,3,646.31,0
CUST_01853,2781.08,294.32,2743.4,11513.56,6,29,10,0.238,1,224.13,0
CUST_01854,6666.85,180.23,6132.17,1926.7,8,34,14,3.181,4,150.96,0
CUST_01855,5583.75,153.04,8718.66,3244.64,8,25,11,2.686,4,204.12,0
CUST_01856,1953.27,34.78,1812.16,5252.05,7,29,13,0.345,12,386.42,1
CUST_01857,3128.2,193.78,3231.41,12870.3,8,25,15,0.251,2,86.48,1
CUST_01858,9314.89,291.9,8170.36,6514.95,9,30,10,1.254,3,690.99,0
CUST_01859,5187.67,173.08,5845.7,17436.8,6,35,16,0.335,3,303.01,0
CUST_01860,1035.6,96.95,11112.76,20291.37,12,36,10,0.548,1,404.74,1
CUST_01861,6568.6,47.31,3066.42,18385.08,7,24,9,0.167,5,348.43,1
CUST_01862,1371.76,260.46,14346.93,18484.9,9,27,12,0.776,2,187.33,1
CUST_01863,12981.26,186.14,3143.19,2747.8,13,46,10,1.143,5,140.11,1
CUST_01864,9151.65,551.12,30157.46,9999.0,10,25,14,3.016,3,183.03,0
CUST_01865,4726.3,56.85,2053.69,3958.42,11,37,10,0.519,2,104.14,0
CUST_01866,4194.42,124.43,3381.1,1633.2,6,38,7,2.069,2,381.37,0
CUST_01867,3016.56,62.99,11315.14,5196.03,9,34,15,2.177,5,266.69,0
CUST_01868,6705.42,411.68,30680.62,20455.9,11,26,13,1.5,2,102.1,0
CUST_01869,2607.9,488.45,10425.75,9814.64,4,23,14,1.062,5,194.11,0
CUST_01870,4500.81,843.93,12711.8,36869.43,6,24,10,0.345,1,471.77,1
CUST_01871,7980.38,275.1,8217.57,7712.87,8,31,11,1.065,3,738.87,0
CUST_01872,2195.96,340.84,3564.86,53137.19,12,33,11,0.067,6,121.67,1
CUST_01873,2091.06,256.95,5474.68,7714.78,7,32,7,0.71,4,1356.92,0
CUST_01874,1242.74,286.71,3073.19,6762.23,11,40,11,0.454,6,152.69,0
CUST_01875,1396.85,188.53,2913.27,2236.17,8,36,16,1.302,4,90.62,0
CUST_01876,702.36,297.4,11174.61,17051.24,8,27,13,0.655,5,1022.72,0
CUST_01877,7022.3,1004.25,3299.27,4329.44,10,23,9,0.762,5,144.23,0
CUST_01878,18546.25,215.93,10463.45,3827.66,12,30,11,2.733,3,868.43,0
CUST_01879,13131.85,184.79,2859.9,19713.24,7,25,11,0.145,8,187.65,0
CUST_01880,842.63,212.4,10271.27,17756.19,13,40,6,0.578,6,243.43,0
CUST_01881,6990.93,160.89,5481.06,17365.55,12,41,9,0.316,4,119.87,0
CUST_01882,13093.82,220.77,24966.56,4876.28,7,29,13,5.119,5,730.85,0
CUST_01883,2413.59,156.59,10498.37,6352.92,12,47,17,1.652,5,663.85,0
CUST_01884,3989.03,452.68,21777.36,6305.16,11,36,12,3.453,3,188.23,0
CUST_01885,597.58,417.9,4427.02,12902.04,12,27,8,0.343,7,283.6,1
CUST_01886,4628.84,1025.31,8475.33,24847.94,6,28,13,0.341,4,475.07,1
CUST_01887,1398.0,177.89,3696.46,9071.79,14,31,15,0.407,4,214.87,1
CUST_01888,4357.58,228.36,5820.35,35548.65,4,30,17,0.164,3,776.62,1
CUST_01889,893.3,220.87,6570.31,14222.99,7,28,15,0.462,3,277.52,0
CUST_01890,5934.7,212.66,4533.79,5433.94,9,28,12,0.834,3,207.76,0
CUST_01891,9155.05,447.64,3064.37,13418.7,12,29,7,0.228,7,98.69,0
CUST_01892,1799.27,49.4,2615.44,28283.93,6,30,6,0.092,7,120.83,0
CUST_01893,1308.67,262.06,1246.63,36262.73,8,29,5,0.034,6,451.23,1
CUST_01894,523.0,894.81,3480.47,18194.19,11,32,13,0.191,4,352.42,0
CUST_01895,2864.73,539.35,13386.41,6780.62,7,34,16,1.974,8,529.0,0
CUST_01896,2157.2,492.18,2255.67,5518.22,5,36,12,0.409,5,201.54,0
CUST_01897,901.52,355.54,2712.16,10825.49,11,33,10,0.251,3,94.74,0
CUST_01898,5473.74,112.55,33952.54,27525.78,9,22,10,1.233,5,211.15,0
CUST_01899,2428.49,99.5,4869.78,9592.18,10,28,13,0.508,4,1244.57,1
CUST_01900,1382.76,100.12,10475.94,9762.97,8,31,16,1.073,6,152.11,1
CUST_01901,2210.3,72.91,13546.1,6930.51,7,25,8,1.954,2,291.34,0
CUST_01902,9548.83,386.56,13766.88,5020.54,7,29,11,2.742,1,55.17,0
CUST_01903,6264.43,586.8,2397.42,5780.15,11,31,18,0.415,4,207.7,0
CUST_01904,3238.86,256.61,6735.53,7443.62,5,29,9,0.905,5,223.69,0
CUST_01905,6356.25,345.1,2220.35,28577.79,6,35,14,0.078,4,377.02,0
CUST_01906,1280.72,229.24,57357.24,5411.29,8,33,11,10.598,6,239.23,0
CUST_01907,3748.58,285.72,2262.22,6937.66,8,14,5,0.326,5,103.23,1
CUST_01908,4157.17,33.33,3504.24,3179.34,8,18,18,1.102,6,187.78,0
CUST_01909,2385.46,233.16,3524.59,12199.33,7,23,10,0.289,8,259.1,0
CUST_01910,5387.91,128.97,2447.13,21198.32,13,23,7,0.115,3,148.81,0
CUST_01911,1803.73,175.54,23910.55,26392.18,7,27,16,0.906,5,164.74,0
CUST_01912,5760.84,217.16,56272.34,7886.12,11,31,7,7.135,2,604.03,1
CUST_01913,5982.97,102.26,5538.07,10809.72,6,28,8,0.512,4,192.98,1
CUST_01914,263.63,76.67,2817.66,5822.48,7,24,13,0.484,4,406.66,1
CUST_01915,10628.3,99.81,1353.51,10392.25,12,27,9,0.13,4,264.05,0
CUST_01916,234.42,56.9,6665.59,8663.47,1,33,11,0.769,5,126.35,0
CUST_01917,2091.33,71.94,6291.2,6971.08,7,20,8,0.902,11,236.73,0
CUST_01918,9161.94,80.29,4812.46,7458.36,14,38,8,0.645,3,366.39,0
CUST_01919,2736.52,57.51,9673.06,9741.34,1,32,11,0.993,4,1008.02,0
CUST_01920,973.05,276.72,11115.97,5166.6,13,31,12,2.151,1,174.07,0
CUST_01921,1360.54,88.2,10493.03,5398.51,9,33,13,1.943,4,281.55,0
CUST_01922,9174.79,40.83,6292.41,28318.14,6,33,14,0.222,5,564.74,0
CUST_01923,645.9,131.5,3356.66,66434.03,3,28,12,0.051,3,722.25,1
CUST_01924,10057.68,74.4,13803.35,2383.41,9,24,13,5.789,8,189.76,0
CUST_01925,3464.79,582.46,8184.61,2274.35,5,28,7,3.597,4,267.99,0
CUST_01926,1244.94,201.61,16492.91,2940.75,4,35,6,5.606,7,651.25,0
CUST_01927,2154.25,55.9,15245.82,6076.63,8,29,8,2.509,2,427.53,0
CUST_01928,1457.53,285.7,2598.24,14205.91,11,25,13,0.183,6,616.1,0
CUST_01929,7939.48,194.02,2572.47,10966.11,15,30,12,0.235,2,678.58,0
CUST_01930,7038.74,149.77,4427.4,7678.86,6,30,17,0.576,5,440.37,1
CUST_01931,774.92,638.87,3480.7,10400.35,7,29,14,0.335,4,330.46,0
CUST_01932,2532.01,83.06,14826.95,3683.9,10,35,9,4.024,7,186.85,0
CUST_01933,1674.27,414.93,10732.67,5391.05,7,38,13,1.99,6,251.9,0
CUST_01934,11662.79,130.63,19522.97,6521.89,13,27,11,2.993,6,263.88,0
CUST_01935,1080.21,178.63,11127.66,1725.75,8,41,16,6.444,3,691.8,0
CUST_01936,15425.95,99.5,9575.08,2472.26,10,24,10,3.871,8,338.13,1
CUST_01937,3533.47,104.7,21158.22,2557.2,12,25,9,8.271,6,340.38,1
CUST_01938,1279.54,127.89,11799.14,12701.71,11,34,13,0.929,4,149.03,0
CUST_01939,1979.21,39.62,8556.79,8172.68,11,30,15,1.047,6,694.46,0
CUST_01940,1769.66,239.2,26485.76,11152.31,10,30,6,2.375,2,174.66,0
CUST_01941,1156.14,198.72,8885.22,1388.94,5,22,12,6.393,1,244.86,0
CUST_01942,3965.33,54.7,6352.02,1879.89,9,36,18,3.377,5,747.39,1
CUST_01943,1205.77,307.34,4145.35,11657.83,9,27,17,0.356,3,555.92,0
CUST_01944,511.67,581.52,14220.22,625.24,10,32,13,22.707,2,164.87,0
CUST_01945,2587.1,106.53,21799.46,18787.27,10,30,9,1.16,3,140.45,0
CUST_01946,718.69,96.76,7781.7,1408.36,6,37,14,5.521,3,259.15,0
CUST_01947,1850.21,441.74,23071.02,13586.65,4,35,16,1.698,7,199.64,0
CUST_01948,1606.49,250.29,1675.7,3117.24,10,35,16,0.537,3,107.0,0
CUST_01949,1662.21,162.59,7751.47,16180.6,3,37,21,0.479,3,176.39,0
CUST_01950,22045.57,347.81,7847.29,101410.99,3,30,8,0.077,4,43.66,0
CUST_01951,3830.58,225.72,4529.67,960.83,7,22,6,4.709,3,562.72,0
CUST_01952,4540.69,568.39,54561.78,11980.92,9,35,14,4.554,5,538.47,0
CUST_01953,736.01,178.86,7685.16,1426.62,5,28,15,5.383,4,801.74,0
CUST_01954,2021.17,254.98,5847.77,9535.28,8,39,11,0.613,5,382.71,0
CUST_01955,4419.46,436.35,8273.14,5564.95,8,27,12,1.486,7,218.37,0
CUST_01956,1447.98,25.58,1632.31,7407.99,8,36,11,0.22,9,611.79,1
CUST_01957,8244.13,449.17,4412.1,3056.63,8,31,12,1.443,4,182.91,0
CUST_01958,1233.45,121.02,17793.56,12880.37,3,29,9,1.381,4,118.09,0
CUST_01959,2813.74,270.42,4899.28,1937.0,5,28,11,2.528,2,269.6,0
CUST_01960,2148.56,686.29,4175.13,19060.85,12,28,10,0.219,7,398.51,1
CUST_01961,4221.26,141.92,23100.75,4685.08,14,28,10,4.93,3,169.29,0
CUST_01962,2045.83,125.91,23675.68,2013.67,9,29,15,11.752,4,143.56,0
CUST_01963,2853.2,173.5,12253.81,25737.29,10,29,13,0.476,4,223.23,0
CUST_01964,2943.88,56.72,5630.23,6265.16,14,24,12,0.899,3,398.75,0
CUST_01965,1880.05,1052.9,6690.36,33573.44,9,33,11,0.199,4,269.94,1
CUST_01966,5634.05,175.21,4258.53,18735.07,15,28,9,0.227,5,1892.3,0
CUST_01967,4512.24,676.19,3656.21,3366.32,7,43,13,1.086,7,271.71,1
CUST_01968,3361.85,138.86,3513.85,6171.88,5,33,7,0.569,9,505.45,1
CUST_01969,2471.52,186.27,4942.15,7353.14,9,32,11,0.672,2,108.4,1
CUST_01970,7456.86,385.84,3541.21,24278.77,12,26,10,0.146,7,450.71,1
CUST_01971,2944.66,75.06,2319.34,9622.8,9,28,8,0.241,5,216.23,0
CUST_01972,2762.72,166.99,9657.81,7706.73,15,24,9,1.253,1,296.94,0
CUST_01973,4000.69,374.44,9775.91,5597.65,9,24,12,1.746,4,973.37,0
CUST_01974,16762.98,152.87,31591.21,6355.19,10,24,15,4.97,5,230.31,0
CUST_01975,1089.72,123.17,4747.29,20108.61,10,30,14,0.236,0,119.63,0
CUST_01976,7279.89,442.39,10268.95,6655.17,11,27,14,1.543,0,133.42,1
CUST_01977,662.58,556.07,10406.34,4742.18,8,31,19,2.194,2,337.32,0
CUST_01978,4427.3,631.51,6613.91,4105.85,6,34,17,1.61,4,324.75,0
CUST_01979,15026.56,105.64,14698.0,4143.51,7,35,11,3.546,3,315.44,0
CUST_01980,5652.21,114.04,15065.81,2014.69,4,30,12,7.474,4,121.53,0
CUST_01981,4245.28,124.3,10529.42,3505.82,8,38,10,3.003,4,1234.53,1
CUST_01982,2198.64,322.09,6604.38,23710.12,9,36,14,0.279,3,833.1,0
CUST_01983,3744.12,69.59,6087.4,5565.77,10,20,17,1.094,5,327.41,0
CUST_01984,2901.97,72.8,2712.96,12073.28,10,23,11,0.225,4,103.05,1
CUST_01985,1794.75,102.36,4252.51,806.78,11,24,16,5.264,3,906.07,0
CUST_01986,2804.87,85.58,4926.55,10754.34,3,24,8,0.458,5,662.34,0
CUST_01987,4352.66,367.78,3297.18,5784.0,7,27,19,0.57,2,321.17,0
CUST_01988,1825.31,348.48,11521.14,4406.24,8,23,11,2.614,6,691.69,0
CUST_01989,1762.25,123.3,21105.78,7737.36,5,31,15,2.727,6,211.45,1
CUST_01990,1070.39,155.23,3918.84,4352.69,7,33,8,0.9,3,152.6,1
CUST_01991,5175.3,23.76,10165.48,1090.84,13,28,9,9.31,4,333.67,0
CUST_01992,5947.88,125.72,3542.94,14529.13,10,29,8,0.244,5,100.79,0
CUST_01993,4485.0,490.37,6349.06,8156.46,7,38,7,0.778,1,137.4,0
CUST_01994,8678.93,120.37,4664.5,5080.42,7,38,11,0.918,3,437.34,0
CUST_01995,3940.57,75.64,13115.06,2918.26,10,25,15,4.493,1,353.54,0
CUST_01996,5181.29,545.11,4707.77,1901.92,13,27,13,2.474,7,113.62,0
CUST_01997,4786.02,74.32,18202.76,8024.93,6,24,9,2.268,6,224.46,0
CUST_01998,3353.01,624.44,6656.99,26145.3,11,30,11,0.255,1,117.14,1
CUST_01999,2258.06,1826.82,4818.98,7884.8,5,33,7,0.611,7,212.3,0
CUST_02000,26708.51,166.08,2973.09,2048.07,10,26,7,1.451,6,196.66,0
